Date,Category,Units_Sold,Avg_Price,Avg_Rating,Price_Elasticity,Weekly_Price
2022-01-02,USBCables,307,360.7236909871244,4.151931330472102,0.9814613526570048,354.04
2022-01-09,USBCables,296,360.7236909871244,4.151931330472102,0.9821256038647344,354.28
2022-01-16,USBCables,327,360.7236909871244,4.151931330472102,0.9802536231884058,353.6
2022-01-23,USBCables,362,360.7236909871244,4.151931330472102,0.9781400966183574,352.84
2022-01-30,USBCables,399,360.7236909871244,4.151931330472102,0.9759057971014493,352.03
2022-02-06,USBCables,319,360.7236909871244,4.151931330472102,0.9807367149758455,353.77
2022-02-13,USBCables,386,360.7236909871244,4.151931330472102,0.9766908212560387,352.32
2022-02-20,USBCables,364,360.7236909871244,4.151931330472102,0.9780193236714976,352.79
2022-02-27,USBCables,327,360.7236909871244,4.151931330472102,0.9802536231884058,353.6
2022-03-06,USBCables,366,360.7236909871244,4.151931330472102,0.9778985507246377,352.75
2022-03-13,USBCables,334,360.7236909871244,4.151931330472102,0.9798309178743961,353.45
2022-03-20,USBCables,336,360.7236909871244,4.151931330472102,0.9797101449275363,353.4
2022-03-27,USBCables,363,360.7236909871244,4.151931330472102,0.9780797101449276,352.82
2022-04-03,USBCables,287,360.7236909871244,4.151931330472102,0.9826690821256039,354.47
2022-04-10,USBCables,294,360.7236909871244,4.151931330472102,0.9822463768115942,354.32
2022-04-17,USBCables,334,360.7236909871244,4.151931330472102,0.9798309178743961,353.45
2022-04-24,USBCables,317,360.7236909871244,4.151931330472102,0.9808574879227053,353.82
2022-05-01,USBCables,361,360.7236909871244,4.151931330472102,0.9782004830917874,352.86
2022-05-08,USBCables,315,360.7236909871244,4.151931330472102,0.9809782608695652,353.86
2022-05-15,USBCables,294,360.7236909871244,4.151931330472102,0.9822463768115942,354.32
2022-05-22,USBCables,387,360.7236909871244,4.151931330472102,0.9766304347826087,352.29
2022-05-29,USBCables,325,360.7236909871244,4.151931330472102,0.9803743961352657,353.64
2022-06-05,USBCables,329,360.7236909871244,4.151931330472102,0.9801328502415458,353.56
2022-06-12,USBCables,274,360.7236909871244,4.151931330472102,0.9834541062801933,354.76
2022-06-19,USBCables,367,360.7236909871244,4.151931330472102,0.9778381642512077,352.73
2022-06-26,USBCables,386,360.7236909871244,4.151931330472102,0.9766908212560387,352.32
2022-07-03,USBCables,331,360.7236909871244,4.151931330472102,0.980012077294686,353.51
2022-07-10,USBCables,382,360.7236909871244,4.151931330472102,0.9769323671497585,352.4
2022-07-17,USBCables,339,360.7236909871244,4.151931330472102,0.9795289855072464,353.34
2022-07-24,USBCables,271,360.7236909871244,4.151931330472102,0.9836352657004831,354.82
2022-07-31,USBCables,256,360.7236909871244,4.151931330472102,0.9845410628019323,355.15
2022-08-07,USBCables,316,360.7236909871244,4.151931330472102,0.9809178743961353,353.84
2022-08-14,USBCables,261,360.7236909871244,4.151931330472102,0.9842391304347826,355.04
2022-08-21,USBCables,229,360.7236909871244,4.151931330472102,0.986171497584541,355.74
2022-08-28,USBCables,273,360.7236909871244,4.151931330472102,0.9835144927536232,354.78
2022-09-04,USBCables,218,360.7236909871244,4.151931330472102,0.9868357487922705,355.98
2022-09-11,USBCables,251,360.7236909871244,4.151931330472102,0.9848429951690821,355.26
2022-09-18,USBCables,196,360.7236909871244,4.151931330472102,0.9881642512077294,356.45
2022-09-25,USBCables,210,360.7236909871244,4.151931330472102,0.9873188405797102,356.15
2022-10-02,USBCables,247,360.7236909871244,4.151931330472102,0.985084541062802,355.34
2022-10-09,USBCables,392,360.7236909871244,4.151931330472102,0.976328502415459,352.18
2022-10-16,USBCables,373,360.7236909871244,4.151931330472102,0.977475845410628,352.6
2022-10-23,USBCables,365,360.7236909871244,4.151931330472102,0.9779589371980676,352.77
2022-10-30,USBCables,361,360.7236909871244,4.151931330472102,0.9782004830917874,352.86
2022-11-06,USBCables,321,360.7236909871244,4.151931330472102,0.9806159420289855,353.73
2022-11-13,USBCables,354,360.7236909871244,4.151931330472102,0.9786231884057971,353.01
2022-11-20,USBCables,369,360.7236909871244,4.151931330472102,0.9777173913043479,352.69
2022-11-27,USBCables,435,360.7236909871244,4.151931330472102,0.9737318840579711,351.25
2022-12-04,USBCables,414,360.7236909871244,4.151931330472102,0.975,351.71
2022-12-11,USBCables,335,360.7236909871244,4.151931330472102,0.9797705314009661,353.43
2022-12-18,USBCables,428,360.7236909871244,4.151931330472102,0.9741545893719806,351.4
2022-12-25,USBCables,406,360.7236909871244,4.151931330472102,0.9754830917874396,351.88
2023-01-01,USBCables,286,360.7236909871244,4.151931330472102,0.9827294685990338,354.49
2023-01-08,USBCables,334,360.7236909871244,4.151931330472102,0.9798309178743961,353.45
2023-01-15,USBCables,356,360.7236909871244,4.151931330472102,0.9785024154589372,352.97
2023-01-22,USBCables,360,360.7236909871244,4.151931330472102,0.9782608695652174,352.88
2023-01-29,USBCables,393,360.7236909871244,4.151931330472102,0.976268115942029,352.16
2023-02-05,USBCables,333,360.7236909871244,4.151931330472102,0.9798913043478261,353.47
2023-02-12,USBCables,361,360.7236909871244,4.151931330472102,0.9782004830917874,352.86
2023-02-19,USBCables,390,360.7236909871244,4.151931330472102,0.9764492753623188,352.23
2023-02-26,USBCables,343,360.7236909871244,4.151931330472102,0.9792874396135266,353.25
2023-03-05,USBCables,358,360.7236909871244,4.151931330472102,0.9783816425120773,352.93
2023-03-12,USBCables,327,360.7236909871244,4.151931330472102,0.9802536231884058,353.6
2023-03-19,USBCables,326,360.7236909871244,4.151931330472102,0.9803140096618358,353.62
2023-03-26,USBCables,402,360.7236909871244,4.151931330472102,0.9757246376811595,351.97
2023-04-02,USBCables,423,360.7236909871244,4.151931330472102,0.9744565217391304,351.51
2023-04-09,USBCables,370,360.7236909871244,4.151931330472102,0.9776570048309179,352.66
2023-04-16,USBCables,409,360.7236909871244,4.151931330472102,0.9753019323671498,351.81
2023-04-23,USBCables,383,360.7236909871244,4.151931330472102,0.9768719806763285,352.38
2023-04-30,USBCables,343,360.7236909871244,4.151931330472102,0.9792874396135266,353.25
2023-05-07,USBCables,377,360.7236909871244,4.151931330472102,0.9772342995169082,352.51
2023-05-14,USBCables,414,360.7236909871244,4.151931330472102,0.975,351.71
2023-05-21,USBCables,353,360.7236909871244,4.151931330472102,0.9786835748792271,353.03
2023-05-28,USBCables,403,360.7236909871244,4.151931330472102,0.9756642512077295,351.95
2023-06-04,USBCables,253,360.7236909871244,4.151931330472102,0.9847222222222223,355.21
2023-06-11,USBCables,363,360.7236909871244,4.151931330472102,0.9780797101449276,352.82
2023-06-18,USBCables,411,360.7236909871244,4.151931330472102,0.9751811594202898,351.77
2023-06-25,USBCables,388,360.7236909871244,4.151931330472102,0.9765700483091787,352.27
2023-07-02,USBCables,397,360.7236909871244,4.151931330472102,0.9760265700483092,352.08
2023-07-09,USBCables,309,360.7236909871244,4.151931330472102,0.9813405797101449,353.99
2023-07-16,USBCables,370,360.7236909871244,4.151931330472102,0.9776570048309179,352.66
2023-07-23,USBCables,303,360.7236909871244,4.151931330472102,0.9817028985507247,354.12
2023-07-30,USBCables,328,360.7236909871244,4.151931330472102,0.9801932367149758,353.58
2023-08-06,USBCables,265,360.7236909871244,4.151931330472102,0.9839975845410628,354.95
2023-08-13,USBCables,252,360.7236909871244,4.151931330472102,0.9847826086956522,355.23
2023-08-20,USBCables,255,360.7236909871244,4.151931330472102,0.9846014492753623,355.17
2023-08-27,USBCables,289,360.7236909871244,4.151931330472102,0.9825483091787439,354.43
2023-09-03,USBCables,269,360.7236909871244,4.151931330472102,0.983756038647343,354.86
2023-09-10,USBCables,244,360.7236909871244,4.151931330472102,0.9852657004830918,355.41
2023-09-17,USBCables,269,360.7236909871244,4.151931330472102,0.983756038647343,354.86
2023-09-24,USBCables,257,360.7236909871244,4.151931330472102,0.9844806763285024,355.13
2023-10-01,USBCables,279,360.7236909871244,4.151931330472102,0.9831521739130434,354.65
2023-10-08,USBCables,356,360.7236909871244,4.151931330472102,0.9785024154589372,352.97
2023-10-15,USBCables,372,360.7236909871244,4.151931330472102,0.9775362318840579,352.62
2023-10-22,USBCables,372,360.7236909871244,4.151931330472102,0.9775362318840579,352.62
2023-10-29,USBCables,333,360.7236909871244,4.151931330472102,0.9798913043478261,353.47
2023-11-05,USBCables,406,360.7236909871244,4.151931330472102,0.9754830917874396,351.88
2023-11-12,USBCables,410,360.7236909871244,4.151931330472102,0.9752415458937198,351.79
2023-11-19,USBCables,406,360.7236909871244,4.151931330472102,0.9754830917874396,351.88
2023-11-26,USBCables,402,360.7236909871244,4.151931330472102,0.9757246376811595,351.97
2023-12-03,USBCables,360,360.7236909871244,4.151931330472102,0.9782608695652174,352.88
2023-12-10,USBCables,409,360.7236909871244,4.151931330472102,0.9753019323671498,351.81
2023-12-17,USBCables,419,360.7236909871244,4.151931330472102,0.9746980676328503,351.6
2023-12-24,USBCables,407,360.7236909871244,4.151931330472102,0.9754227053140097,351.86
2023-12-31,USBCables,316,360.7236909871244,4.151931330472102,0.9809178743961353,353.84
2024-01-07,USBCables,343,360.7236909871244,4.151931330472102,0.9792874396135266,353.25
2024-01-14,USBCables,401,360.7236909871244,4.151931330472102,0.9757850241545893,351.99
2024-01-21,USBCables,351,360.7236909871244,4.151931330472102,0.9788043478260869,353.08
2024-01-28,USBCables,461,360.7236909871244,4.151931330472102,0.9721618357487922,350.68
2024-02-04,USBCables,357,360.7236909871244,4.151931330472102,0.9784420289855073,352.95
2024-02-11,USBCables,296,360.7236909871244,4.151931330472102,0.9821256038647344,354.28
2024-02-18,USBCables,371,360.7236909871244,4.151931330472102,0.9775966183574879,352.64
2024-02-25,USBCables,380,360.7236909871244,4.151931330472102,0.9770531400966184,352.45
2024-03-03,USBCables,476,360.7236909871244,4.151931330472102,0.971256038647343,350.36
2024-03-10,USBCables,378,360.7236909871244,4.151931330472102,0.9771739130434782,352.49
2024-03-17,USBCables,400,360.7236909871244,4.151931330472102,0.9758454106280193,352.01
2024-03-24,USBCables,388,360.7236909871244,4.151931330472102,0.9765700483091787,352.27
2024-03-31,USBCables,345,360.7236909871244,4.151931330472102,0.9791666666666666,353.21
2024-04-07,USBCables,435,360.7236909871244,4.151931330472102,0.9737318840579711,351.25
2024-04-14,USBCables,418,360.7236909871244,4.151931330472102,0.9747584541062801,351.62
2024-04-21,USBCables,418,360.7236909871244,4.151931330472102,0.9747584541062801,351.62
2024-04-28,USBCables,349,360.7236909871244,4.151931330472102,0.9789251207729469,353.12
2024-05-05,USBCables,434,360.7236909871244,4.151931330472102,0.9737922705314009,351.27
2024-05-12,USBCables,323,360.7236909871244,4.151931330472102,0.9804951690821256,353.69
2024-05-19,USBCables,392,360.7236909871244,4.151931330472102,0.976328502415459,352.18
2024-05-26,USBCables,445,360.7236909871244,4.151931330472102,0.9731280193236715,351.03
2024-06-02,USBCables,323,360.7236909871244,4.151931330472102,0.9804951690821256,353.69
2024-06-09,USBCables,331,360.7236909871244,4.151931330472102,0.980012077294686,353.51
2024-06-16,USBCables,431,360.7236909871244,4.151931330472102,0.9739734299516908,351.34
2024-06-23,USBCables,398,360.7236909871244,4.151931330472102,0.9759661835748792,352.05
2024-06-30,USBCables,347,360.7236909871244,4.151931330472102,0.9790458937198068,353.17
2024-07-07,USBCables,406,360.7236909871244,4.151931330472102,0.9754830917874396,351.88
2024-07-14,USBCables,354,360.7236909871244,4.151931330472102,0.9786231884057971,353.01
2024-07-21,USBCables,321,360.7236909871244,4.151931330472102,0.9806159420289855,353.73
2024-07-28,USBCables,272,360.7236909871244,4.151931330472102,0.9835748792270531,354.8
2024-08-04,USBCables,338,360.7236909871244,4.151931330472102,0.9795893719806763,353.36
2024-08-11,USBCables,264,360.7236909871244,4.151931330472102,0.9840579710144928,354.97
2024-08-18,USBCables,272,360.7236909871244,4.151931330472102,0.9835748792270531,354.8
2024-08-25,USBCables,299,360.7236909871244,4.151931330472102,0.9819444444444444,354.21
2024-09-01,USBCables,239,360.7236909871244,4.151931330472102,0.9855676328502415,355.52
2024-09-08,USBCables,276,360.7236909871244,4.151931330472102,0.9833333333333333,354.71
2024-09-15,USBCables,302,360.7236909871244,4.151931330472102,0.9817632850241546,354.15
2024-09-22,USBCables,223,360.7236909871244,4.151931330472102,0.9865338164251207,355.87
2024-09-29,USBCables,271,360.7236909871244,4.151931330472102,0.9836352657004831,354.82
2024-10-06,USBCables,410,360.7236909871244,4.151931330472102,0.9752415458937198,351.79
2024-10-13,USBCables,433,360.7236909871244,4.151931330472102,0.9738526570048309,351.29
2024-10-20,USBCables,354,360.7236909871244,4.151931330472102,0.9786231884057971,353.01
2024-10-27,USBCables,354,360.7236909871244,4.151931330472102,0.9786231884057971,353.01
2024-11-03,USBCables,434,360.7236909871244,4.151931330472102,0.9737922705314009,351.27
2024-11-10,USBCables,430,360.7236909871244,4.151931330472102,0.9740338164251208,351.36
2024-11-17,USBCables,435,360.7236909871244,4.151931330472102,0.9737318840579711,351.25
2024-11-24,USBCables,446,360.7236909871244,4.151931330472102,0.9730676328502416,351.01
2024-12-01,USBCables,408,360.7236909871244,4.151931330472102,0.9753623188405797,351.84
2024-12-08,USBCables,456,360.7236909871244,4.151931330472102,0.972463768115942,350.79
2024-12-15,USBCables,467,360.7236909871244,4.151931330472102,0.9717995169082125,350.55
2024-12-22,USBCables,429,360.7236909871244,4.151931330472102,0.9740942028985508,351.38
2024-12-29,USBCables,399,360.7236909871244,4.151931330472102,0.9759057971014493,352.03
2022-01-02,HDMICables,1603,406.2916666666667,4.254166666666667,0.9032004830917875,366.96
2022-01-09,HDMICables,1543,406.2916666666667,4.254166666666667,0.9068236714975846,368.43
2022-01-16,HDMICables,1707,406.2916666666667,4.254166666666667,0.8969202898550724,364.41
2022-01-23,HDMICables,1890,406.2916666666667,4.254166666666667,0.8858695652173914,359.92
2022-01-30,HDMICables,2085,406.2916666666667,4.254166666666667,0.8740942028985508,355.14
2022-02-06,HDMICables,1668,406.2916666666667,4.254166666666667,0.8992753623188405,365.37
2022-02-13,HDMICables,2014,406.2916666666667,4.254166666666667,0.8783816425120773,356.88
2022-02-20,HDMICables,1903,406.2916666666667,4.254166666666667,0.885084541062802,359.6
2022-02-27,HDMICables,1708,406.2916666666667,4.254166666666667,0.8968599033816426,364.39
2022-03-06,HDMICables,1911,406.2916666666667,4.254166666666667,0.8846014492753623,359.41
2022-03-13,HDMICables,1745,406.2916666666667,4.254166666666667,0.8946256038647343,363.48
2022-03-20,HDMICables,1757,406.2916666666667,4.254166666666667,0.8939009661835748,363.18
2022-03-27,HDMICables,1896,406.2916666666667,4.254166666666667,0.8855072463768117,359.77
2022-04-03,HDMICables,1500,406.2916666666667,4.254166666666667,0.9094202898550725,369.49
2022-04-10,HDMICables,1535,406.2916666666667,4.254166666666667,0.9073067632850241,368.63
2022-04-17,HDMICables,1746,406.2916666666667,4.254166666666667,0.8945652173913043,363.45
2022-04-24,HDMICables,1654,406.2916666666667,4.254166666666667,0.9001207729468599,365.71
2022-05-01,HDMICables,1884,406.2916666666667,4.254166666666667,0.886231884057971,360.07
2022-05-08,HDMICables,1645,406.2916666666667,4.254166666666667,0.9006642512077294,365.93
2022-05-15,HDMICables,1535,406.2916666666667,4.254166666666667,0.9073067632850241,368.63
2022-05-22,HDMICables,2021,406.2916666666667,4.254166666666667,0.8779589371980676,356.71
2022-05-29,HDMICables,1695,406.2916666666667,4.254166666666667,0.8976449275362319,364.71
2022-06-05,HDMICables,1716,406.2916666666667,4.254166666666667,0.8963768115942029,364.19
2022-06-12,HDMICables,1433,406.2916666666667,4.254166666666667,0.9134661835748792,371.13
2022-06-19,HDMICables,1917,406.2916666666667,4.254166666666667,0.8842391304347826,359.26
2022-06-26,HDMICables,2014,406.2916666666667,4.254166666666667,0.8783816425120773,356.88
2022-07-03,HDMICables,1731,406.2916666666667,4.254166666666667,0.8954710144927536,363.82
2022-07-10,HDMICables,1993,406.2916666666667,4.254166666666667,0.8796497584541063,357.39
2022-07-17,HDMICables,1772,406.2916666666667,4.254166666666667,0.8929951690821256,362.82
2022-07-24,HDMICables,1415,406.2916666666667,4.254166666666667,0.9145531400966184,371.58
2022-07-31,HDMICables,1339,406.2916666666667,4.254166666666667,0.9191425120772947,373.44
2022-08-07,HDMICables,1652,406.2916666666667,4.254166666666667,0.9002415458937199,365.76
2022-08-14,HDMICables,1363,406.2916666666667,4.254166666666667,0.9176932367149758,372.85
2022-08-21,HDMICables,1198,406.2916666666667,4.254166666666667,0.9276570048309178,376.9
2022-08-28,HDMICables,1425,406.2916666666667,4.254166666666667,0.9139492753623188,371.33
2022-09-04,HDMICables,1140,406.2916666666667,4.254166666666667,0.9311594202898551,378.32
2022-09-11,HDMICables,1311,406.2916666666667,4.254166666666667,0.9208333333333334,374.13
2022-09-18,HDMICables,1024,406.2916666666667,4.254166666666667,0.9381642512077295,381.17
2022-09-25,HDMICables,1100,406.2916666666667,4.254166666666667,0.9335748792270532,379.3
2022-10-02,HDMICables,1292,406.2916666666667,4.254166666666667,0.9219806763285024,374.59
2022-10-09,HDMICables,2046,406.2916666666667,4.254166666666667,0.8764492753623189,356.09
2022-10-16,HDMICables,1947,406.2916666666667,4.254166666666667,0.8824275362318841,358.52
2022-10-23,HDMICables,1905,406.2916666666667,4.254166666666667,0.884963768115942,359.55
2022-10-30,HDMICables,1886,406.2916666666667,4.254166666666667,0.8861111111111111,360.02
2022-11-06,HDMICables,1675,406.2916666666667,4.254166666666667,0.898852657004831,365.2
2022-11-13,HDMICables,1848,406.2916666666667,4.254166666666667,0.8884057971014493,360.95
2022-11-20,HDMICables,1928,406.2916666666667,4.254166666666667,0.8835748792270531,358.99
2022-11-27,HDMICables,2270,406.2916666666667,4.254166666666667,0.8629227053140096,350.6
2022-12-04,HDMICables,2160,406.2916666666667,4.254166666666667,0.8695652173913043,353.3
2022-12-11,HDMICables,1750,406.2916666666667,4.254166666666667,0.8943236714975845,363.36
2022-12-18,HDMICables,2234,406.2916666666667,4.254166666666667,0.865096618357488,351.48
2022-12-25,HDMICables,2119,406.2916666666667,4.254166666666667,0.8720410628019324,354.3
2023-01-01,HDMICables,1495,406.2916666666667,4.254166666666667,0.9097222222222222,369.61
2023-01-08,HDMICables,1744,406.2916666666667,4.254166666666667,0.8946859903381642,363.5
2023-01-15,HDMICables,1857,406.2916666666667,4.254166666666667,0.8878623188405798,360.73
2023-01-22,HDMICables,1882,406.2916666666667,4.254166666666667,0.8863526570048309,360.12
2023-01-29,HDMICables,2053,406.2916666666667,4.254166666666667,0.8760265700483092,355.92
2023-02-05,HDMICables,1738,406.2916666666667,4.254166666666667,0.895048309178744,363.65
2023-02-12,HDMICables,1886,406.2916666666667,4.254166666666667,0.8861111111111111,360.02
2023-02-19,HDMICables,2036,406.2916666666667,4.254166666666667,0.8770531400966184,356.34
2023-02-26,HDMICables,1791,406.2916666666667,4.254166666666667,0.8918478260869566,362.35
2023-03-05,HDMICables,1867,406.2916666666667,4.254166666666667,0.8872584541062802,360.49
2023-03-12,HDMICables,1708,406.2916666666667,4.254166666666667,0.8968599033816426,364.39
2023-03-19,HDMICables,1702,406.2916666666667,4.254166666666667,0.8972222222222223,364.53
2023-03-26,HDMICables,2101,406.2916666666667,4.254166666666667,0.8731280193236715,354.74
2023-04-02,HDMICables,2211,406.2916666666667,4.254166666666667,0.8664855072463769,352.05
2023-04-09,HDMICables,1932,406.2916666666667,4.254166666666667,0.8833333333333333,358.89
2023-04-16,HDMICables,2136,406.2916666666667,4.254166666666667,0.8710144927536232,353.89
2023-04-23,HDMICables,2001,406.2916666666667,4.254166666666667,0.8791666666666667,357.2
2023-04-30,HDMICables,1793,406.2916666666667,4.254166666666667,0.8917270531400966,362.3
2023-05-07,HDMICables,1966,406.2916666666667,4.254166666666667,0.881280193236715,358.06
2023-05-14,HDMICables,2164,406.2916666666667,4.254166666666667,0.8693236714975845,353.2
2023-05-21,HDMICables,1842,406.2916666666667,4.254166666666667,0.888768115942029,361.1
2023-05-28,HDMICables,2104,406.2916666666667,4.254166666666667,0.8729468599033816,354.67
2023-06-04,HDMICables,1319,406.2916666666667,4.254166666666667,0.9203502415458937,373.93
2023-06-11,HDMICables,1897,406.2916666666667,4.254166666666667,0.8854468599033817,359.75
2023-06-18,HDMICables,2145,406.2916666666667,4.254166666666667,0.8704710144927537,353.67
2023-06-25,HDMICables,2027,406.2916666666667,4.254166666666667,0.8775966183574879,356.56
2023-07-02,HDMICables,2071,406.2916666666667,4.254166666666667,0.87493961352657,355.48
2023-07-09,HDMICables,1614,406.2916666666667,4.254166666666667,0.902536231884058,366.69
2023-07-16,HDMICables,1933,406.2916666666667,4.254166666666667,0.8832729468599034,358.87
2023-07-23,HDMICables,1584,406.2916666666667,4.254166666666667,0.9043478260869565,367.43
2023-07-30,HDMICables,1715,406.2916666666667,4.254166666666667,0.8964371980676329,364.21
2023-08-06,HDMICables,1386,406.2916666666667,4.254166666666667,0.9163043478260869,372.29
2023-08-13,HDMICables,1315,406.2916666666667,4.254166666666667,0.9205917874396136,374.03
2023-08-20,HDMICables,1334,406.2916666666667,4.254166666666667,0.9194444444444444,373.56
2023-08-27,HDMICables,1507,406.2916666666667,4.254166666666667,0.9089975845410628,369.32
2023-09-03,HDMICables,1406,406.2916666666667,4.254166666666667,0.9150966183574879,371.8
2023-09-10,HDMICables,1275,406.2916666666667,4.254166666666667,0.9230072463768116,375.01
2023-09-17,HDMICables,1404,406.2916666666667,4.254166666666667,0.9152173913043479,371.85
2023-09-24,HDMICables,1342,406.2916666666667,4.254166666666667,0.9189613526570048,373.37
2023-10-01,HDMICables,1457,406.2916666666667,4.254166666666667,0.9120169082125604,370.54
2023-10-08,HDMICables,1857,406.2916666666667,4.254166666666667,0.8878623188405798,360.73
2023-10-15,HDMICables,1940,406.2916666666667,4.254166666666667,0.8828502415458938,358.69
2023-10-22,HDMICables,1940,406.2916666666667,4.254166666666667,0.8828502415458938,358.69
2023-10-29,HDMICables,1740,406.2916666666667,4.254166666666667,0.894927536231884,363.6
2023-11-05,HDMICables,2122,406.2916666666667,4.254166666666667,0.8718599033816425,354.23
2023-11-12,HDMICables,2142,406.2916666666667,4.254166666666667,0.8706521739130435,353.74
2023-11-19,HDMICables,2119,406.2916666666667,4.254166666666667,0.8720410628019324,354.3
2023-11-26,HDMICables,2101,406.2916666666667,4.254166666666667,0.8731280193236715,354.74
2023-12-03,HDMICables,1878,406.2916666666667,4.254166666666667,0.8865942028985507,360.22
2023-12-10,HDMICables,2133,406.2916666666667,4.254166666666667,0.871195652173913,353.96
2023-12-17,HDMICables,2189,406.2916666666667,4.254166666666667,0.8678140096618358,352.59
2023-12-24,HDMICables,2124,406.2916666666667,4.254166666666667,0.8717391304347826,354.18
2023-12-31,HDMICables,1652,406.2916666666667,4.254166666666667,0.9002415458937199,365.76
2024-01-07,HDMICables,1791,406.2916666666667,4.254166666666667,0.8918478260869566,362.35
2024-01-14,HDMICables,2096,406.2916666666667,4.254166666666667,0.8734299516908213,354.87
2024-01-21,HDMICables,1835,406.2916666666667,4.254166666666667,0.8891908212560387,361.27
2024-01-28,HDMICables,2408,406.2916666666667,4.254166666666667,0.8545893719806763,347.21
2024-02-04,HDMICables,1865,406.2916666666667,4.254166666666667,0.8873792270531401,360.53
2024-02-11,HDMICables,1545,406.2916666666667,4.254166666666667,0.9067028985507246,368.39
2024-02-18,HDMICables,1938,406.2916666666667,4.254166666666667,0.8829710144927536,358.74
2024-02-25,HDMICables,1982,406.2916666666667,4.254166666666667,0.8803140096618358,357.66
2024-03-03,HDMICables,2484,406.2916666666667,4.254166666666667,0.85,345.35
2024-03-10,HDMICables,1972,406.2916666666667,4.254166666666667,0.8809178743961352,357.91
2024-03-17,HDMICables,2086,406.2916666666667,4.254166666666667,0.8740338164251208,355.11
2024-03-24,HDMICables,2027,406.2916666666667,4.254166666666667,0.8775966183574879,356.56
2024-03-31,HDMICables,1800,406.2916666666667,4.254166666666667,0.8913043478260869,362.13
2024-04-07,HDMICables,2271,406.2916666666667,4.254166666666667,0.8628623188405797,350.57
2024-04-14,HDMICables,2185,406.2916666666667,4.254166666666667,0.8680555555555556,352.68
2024-04-21,HDMICables,2182,406.2916666666667,4.254166666666667,0.8682367149758454,352.76
2024-04-28,HDMICables,1824,406.2916666666667,4.254166666666667,0.8898550724637682,361.54
2024-05-05,HDMICables,2266,406.2916666666667,4.254166666666667,0.8631642512077294,350.7
2024-05-12,HDMICables,1688,406.2916666666667,4.254166666666667,0.8980676328502415,364.88
2024-05-19,HDMICables,2049,406.2916666666667,4.254166666666667,0.876268115942029,356.02
2024-05-26,HDMICables,2322,406.2916666666667,4.254166666666667,0.8597826086956522,349.32
2024-06-02,HDMICables,1686,406.2916666666667,4.254166666666667,0.8981884057971015,364.93
2024-06-09,HDMICables,1731,406.2916666666667,4.254166666666667,0.8954710144927536,363.82
2024-06-16,HDMICables,2248,406.2916666666667,4.254166666666667,0.8642512077294686,351.14
2024-06-23,HDMICables,2077,406.2916666666667,4.254166666666667,0.8745772946859903,355.33
2024-06-30,HDMICables,1814,406.2916666666667,4.254166666666667,0.8904589371980677,361.79
2024-07-07,HDMICables,2122,406.2916666666667,4.254166666666667,0.8718599033816425,354.23
2024-07-14,HDMICables,1849,406.2916666666667,4.254166666666667,0.8883454106280193,360.93
2024-07-21,HDMICables,1676,406.2916666666667,4.254166666666667,0.898792270531401,365.17
2024-07-28,HDMICables,1420,406.2916666666667,4.254166666666667,0.9142512077294687,371.45
2024-08-04,HDMICables,1766,406.2916666666667,4.254166666666667,0.8933574879227053,362.96
2024-08-11,HDMICables,1380,406.2916666666667,4.254166666666667,0.9166666666666666,372.43
2024-08-18,HDMICables,1422,406.2916666666667,4.254166666666667,0.9141304347826087,371.4
2024-08-25,HDMICables,1562,406.2916666666667,4.254166666666667,0.9056763285024154,367.97
2024-09-01,HDMICables,1249,406.2916666666667,4.254166666666667,0.9245772946859904,375.65
2024-09-08,HDMICables,1440,406.2916666666667,4.254166666666667,0.9130434782608696,370.96
2024-09-15,HDMICables,1580,406.2916666666667,4.254166666666667,0.9045893719806763,367.53
2024-09-22,HDMICables,1167,406.2916666666667,4.254166666666667,0.9295289855072464,377.66
2024-09-29,HDMICables,1415,406.2916666666667,4.254166666666667,0.9145531400966184,371.58
2024-10-06,HDMICables,2143,406.2916666666667,4.254166666666667,0.8705917874396135,353.71
2024-10-13,HDMICables,2262,406.2916666666667,4.254166666666667,0.8634057971014493,350.79
2024-10-20,HDMICables,1851,406.2916666666667,4.254166666666667,0.8882246376811594,360.88
2024-10-27,HDMICables,1850,406.2916666666667,4.254166666666667,0.8882850241545894,360.9
2024-11-03,HDMICables,2267,406.2916666666667,4.254166666666667,0.8631038647342996,350.67
2024-11-10,HDMICables,2247,406.2916666666667,4.254166666666667,0.8643115942028985,351.16
2024-11-17,HDMICables,2270,406.2916666666667,4.254166666666667,0.8629227053140096,350.6
2024-11-24,HDMICables,2327,406.2916666666667,4.254166666666667,0.8594806763285024,349.2
2024-12-01,HDMICables,2132,406.2916666666667,4.254166666666667,0.871256038647343,353.98
2024-12-08,HDMICables,2382,406.2916666666667,4.254166666666667,0.856159420289855,347.85
2024-12-15,HDMICables,2440,406.2916666666667,4.254166666666667,0.8526570048309179,346.43
2024-12-22,HDMICables,2242,406.2916666666667,4.254166666666667,0.8646135265700483,351.29
2024-12-29,HDMICables,2084,406.2916666666667,4.254166666666667,0.8741545893719807,355.16
2022-01-02,WirelessUSBAdapters,815,722.1111111111111,4.094444444444445,0.9507850241545893,686.57
2022-01-09,WirelessUSBAdapters,785,722.1111111111111,4.094444444444445,0.9525966183574879,687.88
2022-01-16,WirelessUSBAdapters,868,722.1111111111111,4.094444444444445,0.9475845410628019,684.26
2022-01-23,WirelessUSBAdapters,961,722.1111111111111,4.094444444444445,0.9419685990338165,680.21
2022-01-30,WirelessUSBAdapters,1060,722.1111111111111,4.094444444444445,0.9359903381642513,675.89
2022-02-06,WirelessUSBAdapters,848,722.1111111111111,4.094444444444445,0.9487922705314009,685.13
2022-02-13,WirelessUSBAdapters,1024,722.1111111111111,4.094444444444445,0.9381642512077295,677.46
2022-02-20,WirelessUSBAdapters,968,722.1111111111111,4.094444444444445,0.9415458937198068,679.9
2022-02-27,WirelessUSBAdapters,868,722.1111111111111,4.094444444444445,0.9475845410628019,684.26
2022-03-06,WirelessUSBAdapters,972,722.1111111111111,4.094444444444445,0.941304347826087,679.73
2022-03-13,WirelessUSBAdapters,887,722.1111111111111,4.094444444444445,0.9464371980676328,683.43
2022-03-20,WirelessUSBAdapters,893,722.1111111111111,4.094444444444445,0.9460748792270531,683.17
2022-03-27,WirelessUSBAdapters,964,722.1111111111111,4.094444444444445,0.9417874396135266,680.08
2022-04-03,WirelessUSBAdapters,763,722.1111111111111,4.094444444444445,0.9539251207729469,688.84
2022-04-10,WirelessUSBAdapters,780,722.1111111111111,4.094444444444445,0.9528985507246377,688.1
2022-04-17,WirelessUSBAdapters,888,722.1111111111111,4.094444444444445,0.946376811594203,683.39
2022-04-24,WirelessUSBAdapters,841,722.1111111111111,4.094444444444445,0.9492149758454106,685.44
2022-05-01,WirelessUSBAdapters,958,722.1111111111111,4.094444444444445,0.9421497584541063,680.34
2022-05-08,WirelessUSBAdapters,836,722.1111111111111,4.094444444444445,0.9495169082125604,685.66
2022-05-15,WirelessUSBAdapters,780,722.1111111111111,4.094444444444445,0.9528985507246377,688.1
2022-05-22,WirelessUSBAdapters,1028,722.1111111111111,4.094444444444445,0.9379227053140097,677.28
2022-05-29,WirelessUSBAdapters,862,722.1111111111111,4.094444444444445,0.9479468599033817,684.52
2022-06-05,WirelessUSBAdapters,872,722.1111111111111,4.094444444444445,0.9473429951690822,684.09
2022-06-12,WirelessUSBAdapters,729,722.1111111111111,4.094444444444445,0.9559782608695652,690.32
2022-06-19,WirelessUSBAdapters,975,722.1111111111111,4.094444444444445,0.9411231884057971,679.6
2022-06-26,WirelessUSBAdapters,1024,722.1111111111111,4.094444444444445,0.9381642512077295,677.46
2022-07-03,WirelessUSBAdapters,880,722.1111111111111,4.094444444444445,0.9468599033816425,683.74
2022-07-10,WirelessUSBAdapters,1013,722.1111111111111,4.094444444444445,0.9388285024154589,677.94
2022-07-17,WirelessUSBAdapters,901,722.1111111111111,4.094444444444445,0.9455917874396136,682.82
2022-07-24,WirelessUSBAdapters,720,722.1111111111111,4.094444444444445,0.9565217391304348,690.71
2022-07-31,WirelessUSBAdapters,681,722.1111111111111,4.094444444444445,0.9588768115942029,692.42
2022-08-07,WirelessUSBAdapters,840,722.1111111111111,4.094444444444445,0.9492753623188406,685.48
2022-08-14,WirelessUSBAdapters,693,722.1111111111111,4.094444444444445,0.9581521739130435,691.89
2022-08-21,WirelessUSBAdapters,609,722.1111111111111,4.094444444444445,0.9632246376811594,695.56
2022-08-28,WirelessUSBAdapters,725,722.1111111111111,4.094444444444445,0.956219806763285,690.5
2022-09-04,WirelessUSBAdapters,580,722.1111111111111,4.094444444444445,0.964975845410628,696.82
2022-09-11,WirelessUSBAdapters,667,722.1111111111111,4.094444444444445,0.9597222222222223,693.03
2022-09-18,WirelessUSBAdapters,521,722.1111111111111,4.094444444444445,0.9685386473429952,699.39
2022-09-25,WirelessUSBAdapters,559,722.1111111111111,4.094444444444445,0.966243961352657,697.74
2022-10-02,WirelessUSBAdapters,657,722.1111111111111,4.094444444444445,0.9603260869565218,693.46
2022-10-09,WirelessUSBAdapters,1040,722.1111111111111,4.094444444444445,0.9371980676328502,676.76
2022-10-16,WirelessUSBAdapters,990,722.1111111111111,4.094444444444445,0.9402173913043478,678.94
2022-10-23,WirelessUSBAdapters,969,722.1111111111111,4.094444444444445,0.9414855072463768,679.86
2022-10-30,WirelessUSBAdapters,959,722.1111111111111,4.094444444444445,0.9420893719806763,680.29
2022-11-06,WirelessUSBAdapters,852,722.1111111111111,4.094444444444445,0.9485507246376812,684.96
2022-11-13,WirelessUSBAdapters,940,722.1111111111111,4.094444444444445,0.9432367149758454,681.12
2022-11-20,WirelessUSBAdapters,980,722.1111111111111,4.094444444444445,0.9408212560386473,679.38
2022-11-27,WirelessUSBAdapters,1154,722.1111111111111,4.094444444444445,0.9303140096618358,671.79
2022-12-04,WirelessUSBAdapters,1098,722.1111111111111,4.094444444444445,0.933695652173913,674.23
2022-12-11,WirelessUSBAdapters,890,722.1111111111111,4.094444444444445,0.946256038647343,683.3
2022-12-18,WirelessUSBAdapters,1136,722.1111111111111,4.094444444444445,0.9314009661835749,672.57
2022-12-25,WirelessUSBAdapters,1078,722.1111111111111,4.094444444444445,0.9349033816425121,675.1
2023-01-01,WirelessUSBAdapters,760,722.1111111111111,4.094444444444445,0.9541062801932367,688.97
2023-01-08,WirelessUSBAdapters,887,722.1111111111111,4.094444444444445,0.9464371980676328,683.43
2023-01-15,WirelessUSBAdapters,944,722.1111111111111,4.094444444444445,0.9429951690821257,680.95
2023-01-22,WirelessUSBAdapters,957,722.1111111111111,4.094444444444445,0.9422101449275362,680.38
2023-01-29,WirelessUSBAdapters,1044,722.1111111111111,4.094444444444445,0.9369565217391305,676.59
2023-02-05,WirelessUSBAdapters,884,722.1111111111111,4.094444444444445,0.9466183574879227,683.56
2023-02-12,WirelessUSBAdapters,959,722.1111111111111,4.094444444444445,0.9420893719806763,680.29
2023-02-19,WirelessUSBAdapters,1035,722.1111111111111,4.094444444444445,0.9375,676.98
2023-02-26,WirelessUSBAdapters,911,722.1111111111111,4.094444444444445,0.944987922705314,682.39
2023-03-05,WirelessUSBAdapters,950,722.1111111111111,4.094444444444445,0.9426328502415459,680.69
2023-03-12,WirelessUSBAdapters,868,722.1111111111111,4.094444444444445,0.9475845410628019,684.26
2023-03-19,WirelessUSBAdapters,866,722.1111111111111,4.094444444444445,0.9477053140096618,684.35
2023-03-26,WirelessUSBAdapters,1068,722.1111111111111,4.094444444444445,0.9355072463768116,675.54
2023-04-02,WirelessUSBAdapters,1124,722.1111111111111,4.094444444444445,0.9321256038647343,673.1
2023-04-09,WirelessUSBAdapters,983,722.1111111111111,4.094444444444445,0.9406400966183575,679.25
2023-04-16,WirelessUSBAdapters,1086,722.1111111111111,4.094444444444445,0.9344202898550724,674.76
2023-04-23,WirelessUSBAdapters,1017,722.1111111111111,4.094444444444445,0.9385869565217392,677.76
2023-04-30,WirelessUSBAdapters,912,722.1111111111111,4.094444444444445,0.9449275362318841,682.34
2023-05-07,WirelessUSBAdapters,1000,722.1111111111111,4.094444444444445,0.9396135265700483,678.51
2023-05-14,WirelessUSBAdapters,1100,722.1111111111111,4.094444444444445,0.9335748792270532,674.14
2023-05-21,WirelessUSBAdapters,937,722.1111111111111,4.094444444444445,0.9434178743961352,681.25
2023-05-28,WirelessUSBAdapters,1070,722.1111111111111,4.094444444444445,0.9353864734299517,675.45
2023-06-04,WirelessUSBAdapters,671,722.1111111111111,4.094444444444445,0.9594806763285024,692.85
2023-06-11,WirelessUSBAdapters,965,722.1111111111111,4.094444444444445,0.9417270531400966,680.03
2023-06-18,WirelessUSBAdapters,1091,722.1111111111111,4.094444444444445,0.9341183574879227,674.54
2023-06-25,WirelessUSBAdapters,1031,722.1111111111111,4.094444444444445,0.9377415458937198,677.15
2023-07-02,WirelessUSBAdapters,1053,722.1111111111111,4.094444444444445,0.9364130434782609,676.19
2023-07-09,WirelessUSBAdapters,820,722.1111111111111,4.094444444444445,0.9504830917874396,686.35
2023-07-16,WirelessUSBAdapters,983,722.1111111111111,4.094444444444445,0.9406400966183575,679.25
2023-07-23,WirelessUSBAdapters,805,722.1111111111111,4.094444444444445,0.9513888888888888,687.01
2023-07-30,WirelessUSBAdapters,872,722.1111111111111,4.094444444444445,0.9473429951690822,684.09
2023-08-06,WirelessUSBAdapters,704,722.1111111111111,4.094444444444445,0.957487922705314,691.41
2023-08-13,WirelessUSBAdapters,669,722.1111111111111,4.094444444444445,0.9596014492753623,692.94
2023-08-20,WirelessUSBAdapters,678,722.1111111111111,4.094444444444445,0.9590579710144927,692.55
2023-08-27,WirelessUSBAdapters,766,722.1111111111111,4.094444444444445,0.953743961352657,688.71
2023-09-03,WirelessUSBAdapters,715,722.1111111111111,4.094444444444445,0.9568236714975845,690.93
2023-09-10,WirelessUSBAdapters,648,722.1111111111111,4.094444444444445,0.9608695652173913,693.85
2023-09-17,WirelessUSBAdapters,714,722.1111111111111,4.094444444444445,0.9568840579710145,690.98
2023-09-24,WirelessUSBAdapters,683,722.1111111111111,4.094444444444445,0.958756038647343,692.33
2023-10-01,WirelessUSBAdapters,741,722.1111111111111,4.094444444444445,0.9552536231884058,689.8
2023-10-08,WirelessUSBAdapters,944,722.1111111111111,4.094444444444445,0.9429951690821257,680.95
2023-10-15,WirelessUSBAdapters,987,722.1111111111111,4.094444444444445,0.9403985507246377,679.07
2023-10-22,WirelessUSBAdapters,987,722.1111111111111,4.094444444444445,0.9403985507246377,679.07
2023-10-29,WirelessUSBAdapters,885,722.1111111111111,4.094444444444445,0.9465579710144928,683.52
2023-11-05,WirelessUSBAdapters,1079,722.1111111111111,4.094444444444445,0.9348429951690821,675.06
2023-11-12,WirelessUSBAdapters,1089,722.1111111111111,4.094444444444445,0.9342391304347826,674.62
2023-11-19,WirelessUSBAdapters,1077,722.1111111111111,4.094444444444445,0.9349637681159421,675.15
2023-11-26,WirelessUSBAdapters,1068,722.1111111111111,4.094444444444445,0.9355072463768116,675.54
2023-12-03,WirelessUSBAdapters,955,722.1111111111111,4.094444444444445,0.9423309178743962,680.47
2023-12-10,WirelessUSBAdapters,1085,722.1111111111111,4.094444444444445,0.9344806763285024,674.8
2023-12-17,WirelessUSBAdapters,1113,722.1111111111111,4.094444444444445,0.9327898550724638,673.58
2023-12-24,WirelessUSBAdapters,1080,722.1111111111111,4.094444444444445,0.9347826086956522,675.02
2023-12-31,WirelessUSBAdapters,840,722.1111111111111,4.094444444444445,0.9492753623188406,685.48
2024-01-07,WirelessUSBAdapters,911,722.1111111111111,4.094444444444445,0.944987922705314,682.39
2024-01-14,WirelessUSBAdapters,1066,722.1111111111111,4.094444444444445,0.9356280193236715,675.63
2024-01-21,WirelessUSBAdapters,933,722.1111111111111,4.094444444444445,0.943659420289855,681.43
2024-01-28,WirelessUSBAdapters,1225,722.1111111111111,4.094444444444445,0.9260265700483092,668.69
2024-02-04,WirelessUSBAdapters,948,722.1111111111111,4.094444444444445,0.9427536231884058,680.77
2024-02-11,WirelessUSBAdapters,786,722.1111111111111,4.094444444444445,0.952536231884058,687.84
2024-02-18,WirelessUSBAdapters,985,722.1111111111111,4.094444444444445,0.9405193236714976,679.16
2024-02-25,WirelessUSBAdapters,1008,722.1111111111111,4.094444444444445,0.9391304347826087,678.16
2024-03-03,WirelessUSBAdapters,1263,722.1111111111111,4.094444444444445,0.923731884057971,667.04
2024-03-10,WirelessUSBAdapters,1003,722.1111111111111,4.094444444444445,0.9394323671497584,678.37
2024-03-17,WirelessUSBAdapters,1061,722.1111111111111,4.094444444444445,0.9359299516908213,675.85
2024-03-24,WirelessUSBAdapters,1031,722.1111111111111,4.094444444444445,0.9377415458937198,677.15
2024-03-31,WirelessUSBAdapters,915,722.1111111111111,4.094444444444445,0.9447463768115942,682.21
2024-04-07,WirelessUSBAdapters,1155,722.1111111111111,4.094444444444445,0.9302536231884058,671.75
2024-04-14,WirelessUSBAdapters,1111,722.1111111111111,4.094444444444445,0.9329106280193237,673.67
2024-04-21,WirelessUSBAdapters,1109,722.1111111111111,4.094444444444445,0.9330314009661835,673.75
2024-04-28,WirelessUSBAdapters,927,722.1111111111111,4.094444444444445,0.9440217391304347,681.69
2024-05-05,WirelessUSBAdapters,1152,722.1111111111111,4.094444444444445,0.9304347826086956,671.88
2024-05-12,WirelessUSBAdapters,858,722.1111111111111,4.094444444444445,0.9481884057971015,684.7
2024-05-19,WirelessUSBAdapters,1042,722.1111111111111,4.094444444444445,0.9370772946859903,676.67
2024-05-26,WirelessUSBAdapters,1181,722.1111111111111,4.094444444444445,0.928683574879227,670.61
2024-06-02,WirelessUSBAdapters,857,722.1111111111111,4.094444444444445,0.9482487922705314,684.74
2024-06-09,WirelessUSBAdapters,880,722.1111111111111,4.094444444444445,0.9468599033816425,683.74
2024-06-16,WirelessUSBAdapters,1143,722.1111111111111,4.094444444444445,0.9309782608695653,672.27
2024-06-23,WirelessUSBAdapters,1056,722.1111111111111,4.094444444444445,0.936231884057971,676.06
2024-06-30,WirelessUSBAdapters,923,722.1111111111111,4.094444444444445,0.9442632850241546,681.86
2024-07-07,WirelessUSBAdapters,1079,722.1111111111111,4.094444444444445,0.9348429951690821,675.06
2024-07-14,WirelessUSBAdapters,940,722.1111111111111,4.094444444444445,0.9432367149758454,681.12
2024-07-21,WirelessUSBAdapters,852,722.1111111111111,4.094444444444445,0.9485507246376812,684.96
2024-07-28,WirelessUSBAdapters,722,722.1111111111111,4.094444444444445,0.9564009661835748,690.63
2024-08-04,WirelessUSBAdapters,898,722.1111111111111,4.094444444444445,0.9457729468599034,682.95
2024-08-11,WirelessUSBAdapters,702,722.1111111111111,4.094444444444445,0.9576086956521739,691.5
2024-08-18,WirelessUSBAdapters,723,722.1111111111111,4.094444444444445,0.956340579710145,690.58
2024-08-25,WirelessUSBAdapters,794,722.1111111111111,4.094444444444445,0.9520531400966183,687.49
2024-09-01,WirelessUSBAdapters,635,722.1111111111111,4.094444444444445,0.9616545893719807,694.42
2024-09-08,WirelessUSBAdapters,732,722.1111111111111,4.094444444444445,0.9557971014492753,690.19
2024-09-15,WirelessUSBAdapters,803,722.1111111111111,4.094444444444445,0.9515096618357488,687.1
2024-09-22,WirelessUSBAdapters,593,722.1111111111111,4.094444444444445,0.9641908212560386,696.25
2024-09-29,WirelessUSBAdapters,719,722.1111111111111,4.094444444444445,0.9565821256038647,690.76
2024-10-06,WirelessUSBAdapters,1090,722.1111111111111,4.094444444444445,0.9341787439613527,674.58
2024-10-13,WirelessUSBAdapters,1150,722.1111111111111,4.094444444444445,0.9305555555555556,671.96
2024-10-20,WirelessUSBAdapters,941,722.1111111111111,4.094444444444445,0.9431763285024155,681.08
2024-10-27,WirelessUSBAdapters,941,722.1111111111111,4.094444444444445,0.9431763285024155,681.08
2024-11-03,WirelessUSBAdapters,1153,722.1111111111111,4.094444444444445,0.9303743961352657,671.83
2024-11-10,WirelessUSBAdapters,1143,722.1111111111111,4.094444444444445,0.9309782608695653,672.27
2024-11-17,WirelessUSBAdapters,1154,722.1111111111111,4.094444444444445,0.9303140096618358,671.79
2024-11-24,WirelessUSBAdapters,1184,722.1111111111111,4.094444444444445,0.9285024154589372,670.48
2024-12-01,WirelessUSBAdapters,1084,722.1111111111111,4.094444444444445,0.9345410628019324,674.84
2024-12-08,WirelessUSBAdapters,1211,722.1111111111111,4.094444444444445,0.9268719806763285,669.3
2024-12-15,WirelessUSBAdapters,1241,722.1111111111111,4.094444444444445,0.9250603864734299,668.0
2024-12-22,WirelessUSBAdapters,1140,722.1111111111111,4.094444444444445,0.9311594202898551,672.4
2024-12-29,WirelessUSBAdapters,1060,722.1111111111111,4.094444444444445,0.9359903381642513,675.89
