Date,Category,Units_Sold,Avg_Price,Avg_Rating,Price_Elasticity,Weekly_Price,earbuds india,wireless earphones,bluetooth earbuds,best earbuds under 2000,noise earbuds,earbuds india_lag1,earbuds india_lag2,earbuds india_lag3,earbuds india_lag4,wireless earphones_lag1,wireless earphones_lag2,wireless earphones_lag3,wireless earphones_lag4,bluetooth earbuds_lag1,bluetooth earbuds_lag2,bluetooth earbuds_lag3,bluetooth earbuds_lag4,best earbuds under 2000_lag1,best earbuds under 2000_lag2,best earbuds under 2000_lag3,best earbuds under 2000_lag4,noise earbuds_lag1,noise earbuds_lag2,noise earbuds_lag3,noise earbuds_lag4,Week_of_Year,Month,Quarter,Is_Festive_Season,Units_Sold_MA2,Units_Sold_MA4,Category_Encoded,trend_momentum,trend_velocity
2022-01-30,USBCables,399,360.7236909871244,4.151931330472102,0.9759057971014492,352.03,79.0,92.0,84.0,100.0,75.0,80.0,88.0,85.0,63.0,100.0,89.0,94.0,76.0,88.0,81.0,84.0,67.0,97.0,90.0,99.0,78.0,71.0,83.0,76.0,58.0,4,1,1,0,399.0,399.0,1,-9.0,-5.0
2022-02-06,USBCables,319,360.7236909871244,4.151931330472102,0.9807367149758456,353.77,69.0,78.0,70.0,81.0,62.0,79.0,80.0,88.0,85.0,92.0,100.0,89.0,94.0,84.0,88.0,81.0,84.0,100.0,97.0,90.0,99.0,75.0,71.0,83.0,76.0,5,2,1,0,359.0,359.0,1,-11.0,-9.0
2022-02-13,USBCables,386,360.7236909871244,4.151931330472102,0.9766908212560388,352.32,69.0,76.0,71.0,79.0,61.0,69.0,79.0,80.0,88.0,78.0,92.0,100.0,89.0,70.0,84.0,88.0,81.0,81.0,100.0,97.0,90.0,62.0,75.0,71.0,83.0,6,2,1,0,352.5,368.0,1,-10.0,-11.0
2022-02-20,USBCables,364,360.7236909871244,4.151931330472102,0.9780193236714976,352.79,69.0,74.0,68.0,78.0,60.0,69.0,69.0,79.0,80.0,76.0,78.0,92.0,100.0,71.0,70.0,84.0,88.0,79.0,81.0,100.0,97.0,61.0,62.0,75.0,71.0,7,2,1,0,375.0,367.0,1,0.0,-10.0
2022-02-27,USBCables,327,360.7236909871244,4.151931330472102,0.9802536231884058,353.6,67.0,71.0,63.0,74.0,58.0,69.0,69.0,69.0,79.0,74.0,76.0,78.0,92.0,68.0,71.0,70.0,84.0,78.0,79.0,81.0,100.0,60.0,61.0,62.0,75.0,8,2,1,0,345.5,349.0,1,-2.0,0.0
2022-03-06,USBCables,366,360.7236909871244,4.151931330472102,0.9778985507246376,352.75,63.0,70.0,61.0,73.0,57.0,67.0,69.0,69.0,69.0,71.0,74.0,76.0,78.0,63.0,68.0,71.0,70.0,74.0,78.0,79.0,81.0,58.0,60.0,61.0,62.0,9,3,1,0,346.5,360.75,1,-6.0,-2.0
2022-03-13,USBCables,334,360.7236909871244,4.151931330472102,0.979830917874396,353.45,62.0,68.0,62.0,70.0,56.0,63.0,67.0,69.0,69.0,70.0,71.0,74.0,76.0,61.0,63.0,68.0,71.0,73.0,74.0,78.0,79.0,57.0,58.0,60.0,61.0,10,3,1,0,350.0,347.75,1,-5.0,-6.0
2022-03-20,USBCables,336,360.7236909871244,4.151931330472102,0.9797101449275364,353.4,60.0,65.0,57.0,69.0,53.0,62.0,63.0,67.0,69.0,68.0,70.0,71.0,74.0,62.0,61.0,63.0,68.0,70.0,73.0,74.0,78.0,56.0,57.0,58.0,60.0,11,3,1,0,335.0,340.75,1,-3.0,-5.0
2022-03-27,USBCables,363,360.7236909871244,4.151931330472102,0.9780797101449276,352.82,57.0,61.0,52.0,63.0,49.0,60.0,62.0,63.0,67.0,65.0,68.0,70.0,71.0,57.0,62.0,61.0,63.0,69.0,70.0,73.0,74.0,53.0,56.0,57.0,58.0,12,3,1,0,349.5,349.75,1,-5.0,-3.0
2022-04-03,USBCables,287,360.7236909871244,4.151931330472102,0.982669082125604,354.47,50.0,59.0,47.0,58.0,45.0,57.0,60.0,62.0,63.0,61.0,65.0,68.0,70.0,52.0,57.0,62.0,61.0,63.0,69.0,70.0,73.0,49.0,53.0,56.0,57.0,13,4,2,0,325.0,330.0,1,-10.0,-5.0
2022-04-10,USBCables,294,360.7236909871244,4.151931330472102,0.9822463768115942,354.32,46.0,54.0,43.0,54.0,40.0,50.0,57.0,60.0,62.0,59.0,61.0,65.0,68.0,47.0,52.0,57.0,62.0,58.0,63.0,69.0,70.0,45.0,49.0,53.0,56.0,14,4,2,0,290.5,320.0,1,-11.0,-10.0
2022-04-17,USBCables,334,360.7236909871244,4.151931330472102,0.979830917874396,353.45,44.0,51.0,39.0,48.0,34.0,46.0,50.0,57.0,60.0,54.0,59.0,61.0,65.0,43.0,47.0,52.0,57.0,54.0,58.0,63.0,69.0,40.0,45.0,49.0,53.0,15,4,2,0,314.0,319.5,1,-6.0,-11.0
2022-04-24,USBCables,317,360.7236909871244,4.151931330472102,0.9808574879227052,353.82,38.0,47.0,36.0,41.0,30.0,44.0,46.0,50.0,57.0,51.0,54.0,59.0,61.0,39.0,43.0,47.0,52.0,48.0,54.0,58.0,63.0,34.0,40.0,45.0,49.0,16,4,2,0,325.5,308.0,1,-8.0,-6.0
2022-05-01,USBCables,361,360.7236909871244,4.151931330472102,0.9782004830917874,352.86,38.0,43.0,34.0,35.0,27.0,38.0,44.0,46.0,50.0,47.0,51.0,54.0,59.0,36.0,39.0,43.0,47.0,41.0,48.0,54.0,58.0,30.0,34.0,40.0,45.0,17,5,2,0,339.0,326.5,1,-6.0,-8.0
2022-05-08,USBCables,315,360.7236909871244,4.151931330472102,0.9809782608695652,353.86,32.0,40.0,30.0,33.0,24.0,38.0,38.0,44.0,46.0,43.0,47.0,51.0,54.0,34.0,36.0,39.0,43.0,35.0,41.0,48.0,54.0,27.0,30.0,34.0,40.0,18,5,2,0,338.0,331.75,1,-6.0,-6.0
2022-05-15,USBCables,294,360.7236909871244,4.151931330472102,0.9822463768115942,354.32,30.0,36.0,24.0,29.0,22.0,32.0,38.0,38.0,44.0,40.0,43.0,47.0,51.0,30.0,34.0,36.0,39.0,33.0,35.0,41.0,48.0,24.0,27.0,30.0,34.0,19,5,2,0,304.5,321.75,1,-8.0,-6.0
2022-05-22,USBCables,387,360.7236909871244,4.151931330472102,0.9766304347826088,352.29,29.0,33.0,18.0,28.0,19.0,30.0,32.0,38.0,38.0,36.0,40.0,43.0,47.0,24.0,30.0,34.0,36.0,29.0,33.0,35.0,41.0,22.0,24.0,27.0,30.0,20,5,2,0,340.5,339.25,1,-3.0,-8.0
2022-05-29,USBCables,325,360.7236909871244,4.151931330472102,0.9803743961352656,353.64,26.0,28.0,18.0,23.0,16.0,29.0,30.0,32.0,38.0,33.0,36.0,40.0,43.0,18.0,24.0,30.0,34.0,28.0,29.0,33.0,35.0,19.0,22.0,24.0,27.0,21,5,2,0,356.0,330.25,1,-4.0,-3.0
2022-06-05,USBCables,329,360.7236909871244,4.151931330472102,0.9801328502415458,353.56,23.0,25.0,16.0,21.0,13.0,26.0,29.0,30.0,32.0,28.0,33.0,36.0,40.0,18.0,18.0,24.0,30.0,23.0,28.0,29.0,33.0,16.0,19.0,22.0,24.0,22,6,2,0,327.0,333.75,1,-6.0,-4.0
2022-06-12,USBCables,274,360.7236909871244,4.151931330472102,0.9834541062801933,354.76,23.0,25.0,10.0,18.0,10.0,23.0,26.0,29.0,30.0,25.0,28.0,33.0,36.0,16.0,18.0,18.0,24.0,21.0,23.0,28.0,29.0,13.0,16.0,19.0,22.0,23,6,2,0,301.5,328.75,1,-3.0,-6.0
2022-06-19,USBCables,367,360.7236909871244,4.151931330472102,0.9778381642512076,352.73,33.0,34.0,24.0,32.0,26.0,23.0,23.0,26.0,29.0,25.0,25.0,28.0,33.0,10.0,16.0,18.0,18.0,18.0,21.0,23.0,28.0,10.0,13.0,16.0,19.0,24,6,2,0,320.5,323.75,1,10.0,-3.0
2022-06-26,USBCables,386,360.7236909871244,4.151931330472102,0.9766908212560388,352.32,29.0,32.0,20.0,29.0,16.0,33.0,23.0,23.0,26.0,34.0,25.0,25.0,28.0,24.0,10.0,16.0,18.0,32.0,18.0,21.0,23.0,26.0,10.0,13.0,16.0,25,6,2,0,376.5,339.0,1,6.0,10.0
2022-07-03,USBCables,331,360.7236909871244,4.151931330472102,0.980012077294686,353.51,35.0,29.0,22.0,20.0,17.0,29.0,33.0,23.0,23.0,32.0,34.0,25.0,25.0,20.0,24.0,10.0,16.0,29.0,32.0,18.0,21.0,16.0,26.0,10.0,13.0,26,7,3,0,358.5,339.5,1,2.0,6.0
2022-07-10,USBCables,382,360.7236909871244,4.151931330472102,0.9769323671497584,352.4,31.0,32.0,22.0,26.0,13.0,35.0,29.0,33.0,23.0,29.0,32.0,34.0,25.0,22.0,20.0,24.0,10.0,20.0,29.0,32.0,18.0,17.0,16.0,26.0,10.0,27,7,3,0,356.5,366.5,1,2.0,2.0
2022-07-17,USBCables,339,360.7236909871244,4.151931330472102,0.9795289855072464,353.34,27.0,28.0,18.0,24.0,15.0,31.0,35.0,29.0,33.0,32.0,29.0,32.0,34.0,22.0,22.0,20.0,24.0,26.0,20.0,29.0,32.0,13.0,17.0,16.0,26.0,28,7,3,0,360.5,359.5,1,-8.0,2.0
2022-07-24,USBCables,271,360.7236909871244,4.151931330472102,0.9836352657004832,354.82,14.0,15.0,0.0,10.0,1.0,27.0,31.0,35.0,29.0,28.0,32.0,29.0,32.0,18.0,22.0,22.0,20.0,24.0,26.0,20.0,29.0,15.0,13.0,17.0,16.0,29,7,3,0,305.0,330.75,1,-17.0,-8.0
2022-07-31,USBCables,256,360.7236909871244,4.151931330472102,0.9845410628019324,355.15,16.0,15.0,1.0,9.0,0.0,14.0,27.0,31.0,35.0,15.0,28.0,32.0,29.0,0.0,18.0,22.0,22.0,10.0,24.0,26.0,20.0,1.0,15.0,13.0,17.0,30,7,3,0,263.5,312.0,1,-11.0,-17.0
2022-08-07,USBCables,316,360.7236909871244,4.151931330472102,0.9809178743961352,353.84,15.0,15.0,2.0,11.0,1.0,16.0,14.0,27.0,31.0,15.0,15.0,28.0,32.0,1.0,0.0,18.0,22.0,9.0,10.0,24.0,26.0,0.0,1.0,15.0,13.0,31,8,3,0,286.0,295.5,1,1.0,-11.0
2022-08-14,USBCables,261,360.7236909871244,4.151931330472102,0.9842391304347826,355.04,14.0,15.0,3.0,13.0,2.0,15.0,16.0,14.0,27.0,15.0,15.0,15.0,28.0,2.0,1.0,0.0,18.0,11.0,9.0,10.0,24.0,1.0,0.0,1.0,15.0,32,8,3,0,288.5,276.0,1,-2.0,1.0
2022-08-21,USBCables,229,360.7236909871244,4.151931330472102,0.986171497584541,355.74,13.0,17.0,4.0,15.0,5.0,14.0,15.0,16.0,14.0,15.0,15.0,15.0,15.0,3.0,2.0,1.0,0.0,13.0,11.0,9.0,10.0,2.0,1.0,0.0,1.0,33,8,3,0,245.0,265.5,1,-2.0,-2.0
2022-08-28,USBCables,273,360.7236909871244,4.151931330472102,0.9835144927536232,354.78,17.0,18.0,4.0,16.0,7.0,13.0,14.0,15.0,16.0,17.0,15.0,15.0,15.0,4.0,3.0,2.0,1.0,15.0,13.0,11.0,9.0,5.0,2.0,1.0,0.0,34,8,3,0,251.0,269.75,1,3.0,-2.0
2022-09-04,USBCables,218,360.7236909871244,4.151931330472102,0.9868357487922704,355.98,20.0,20.0,7.0,19.0,10.0,17.0,13.0,14.0,15.0,18.0,17.0,15.0,15.0,4.0,4.0,3.0,2.0,16.0,15.0,13.0,11.0,7.0,5.0,2.0,1.0,35,9,3,0,245.5,245.25,1,7.0,3.0
2022-09-11,USBCables,251,360.7236909871244,4.151931330472102,0.984842995169082,355.26,21.0,23.0,10.0,22.0,12.0,20.0,17.0,13.0,14.0,20.0,18.0,17.0,15.0,7.0,4.0,4.0,3.0,19.0,16.0,15.0,13.0,10.0,7.0,5.0,2.0,36,9,3,0,234.5,242.75,1,4.0,7.0
2022-09-18,USBCables,196,360.7236909871244,4.151931330472102,0.9881642512077294,356.45,23.0,26.0,12.0,24.0,16.0,21.0,20.0,17.0,13.0,23.0,20.0,18.0,17.0,10.0,7.0,4.0,4.0,22.0,19.0,16.0,15.0,12.0,10.0,7.0,5.0,37,9,3,0,223.5,234.5,1,3.0,4.0
2022-09-25,USBCables,210,360.7236909871244,4.151931330472102,0.9873188405797102,356.15,28.0,27.0,16.0,25.0,20.0,23.0,21.0,20.0,17.0,26.0,23.0,20.0,18.0,12.0,10.0,7.0,4.0,24.0,22.0,19.0,16.0,16.0,12.0,10.0,7.0,38,9,3,0,203.0,218.75,1,7.0,3.0
2022-10-02,USBCables,247,360.7236909871244,4.151931330472102,0.985084541062802,355.34,32.0,32.0,20.0,29.0,25.0,28.0,23.0,21.0,20.0,27.0,26.0,23.0,20.0,16.0,12.0,10.0,7.0,25.0,24.0,22.0,19.0,20.0,16.0,12.0,10.0,39,10,4,1,228.5,226.0,1,9.0,7.0
2022-10-09,USBCables,392,360.7236909871244,4.151931330472102,0.976328502415459,352.18,72.0,79.0,67.0,64.0,56.0,32.0,28.0,23.0,21.0,32.0,27.0,26.0,23.0,20.0,16.0,12.0,10.0,29.0,25.0,24.0,22.0,25.0,20.0,16.0,12.0,40,10,4,1,319.5,261.25,1,44.0,9.0
2022-10-16,USBCables,373,360.7236909871244,4.151931330472102,0.977475845410628,352.6,67.0,69.0,57.0,76.0,69.0,72.0,32.0,28.0,23.0,79.0,32.0,27.0,26.0,67.0,20.0,16.0,12.0,64.0,29.0,25.0,24.0,56.0,25.0,20.0,16.0,41,10,4,1,382.5,305.5,1,35.0,44.0
2022-10-23,USBCables,365,360.7236909871244,4.151931330472102,0.9779589371980676,352.77,88.0,70.0,71.0,88.0,77.0,67.0,72.0,32.0,28.0,69.0,79.0,32.0,27.0,57.0,67.0,20.0,16.0,76.0,64.0,29.0,25.0,69.0,56.0,25.0,20.0,42,10,4,1,369.0,344.25,1,16.0,35.0
2022-10-30,USBCables,361,360.7236909871244,4.151931330472102,0.9782004830917874,352.86,86.0,71.0,62.0,90.0,74.0,88.0,67.0,72.0,32.0,70.0,69.0,79.0,32.0,71.0,57.0,67.0,20.0,88.0,76.0,64.0,29.0,77.0,69.0,56.0,25.0,43,10,4,1,363.0,372.75,1,19.0,16.0
2022-11-06,USBCables,321,360.7236909871244,4.151931330472102,0.9806159420289856,353.73,99.0,83.0,71.0,76.0,89.0,86.0,88.0,67.0,72.0,71.0,70.0,69.0,79.0,62.0,71.0,57.0,67.0,90.0,88.0,76.0,64.0,74.0,77.0,69.0,56.0,44,11,4,1,341.0,355.0,1,11.0,19.0
2022-11-13,USBCables,354,360.7236909871244,4.151931330472102,0.9786231884057972,353.01,94.0,74.0,78.0,85.0,86.0,99.0,86.0,88.0,67.0,83.0,71.0,70.0,69.0,71.0,62.0,71.0,57.0,76.0,90.0,88.0,76.0,89.0,74.0,77.0,69.0,45,11,4,1,337.5,350.25,1,8.0,11.0
2022-11-20,USBCables,369,360.7236909871244,4.151931330472102,0.977717391304348,352.69,100.0,79.0,80.0,85.0,80.0,94.0,99.0,86.0,88.0,74.0,83.0,71.0,70.0,78.0,71.0,62.0,71.0,85.0,76.0,90.0,88.0,86.0,89.0,74.0,77.0,46,11,4,1,361.5,351.25,1,1.0,8.0
2022-11-27,USBCables,435,360.7236909871244,4.151931330472102,0.9737318840579712,351.25,65.0,52.0,45.0,55.0,53.0,100.0,94.0,99.0,86.0,79.0,74.0,83.0,71.0,80.0,78.0,71.0,62.0,85.0,85.0,76.0,90.0,80.0,86.0,89.0,74.0,47,11,4,1,402.0,369.75,1,-29.0,1.0
2022-12-04,USBCables,414,360.7236909871244,4.151931330472102,0.975,351.71,67.0,52.0,47.0,57.0,58.0,65.0,100.0,94.0,99.0,52.0,79.0,74.0,83.0,45.0,80.0,78.0,71.0,55.0,85.0,85.0,76.0,53.0,80.0,86.0,89.0,48,12,4,1,424.5,393.0,1,-33.0,-29.0
2022-12-11,USBCables,335,360.7236909871244,4.151931330472102,0.979770531400966,353.43,68.0,55.0,50.0,60.0,60.0,67.0,65.0,100.0,94.0,52.0,52.0,79.0,74.0,47.0,45.0,80.0,78.0,57.0,55.0,85.0,85.0,58.0,53.0,80.0,86.0,49,12,4,1,374.5,388.25,1,3.0,-33.0
2022-12-18,USBCables,428,360.7236909871244,4.151931330472102,0.9741545893719806,351.4,69.0,59.0,59.0,63.0,62.0,68.0,67.0,65.0,100.0,55.0,52.0,52.0,79.0,50.0,47.0,45.0,80.0,60.0,57.0,55.0,85.0,60.0,58.0,53.0,80.0,50,12,4,1,381.5,403.0,1,2.0,3.0
2022-12-25,USBCables,406,360.7236909871244,4.151931330472102,0.9754830917874396,351.88,73.0,61.0,63.0,66.0,64.0,69.0,68.0,67.0,65.0,59.0,55.0,52.0,52.0,59.0,50.0,47.0,45.0,63.0,60.0,57.0,55.0,62.0,60.0,58.0,53.0,51,12,4,1,417.0,395.75,1,5.0,2.0
2023-01-01,USBCables,286,360.7236909871244,4.151931330472102,0.9827294685990338,354.49,73.0,61.0,61.0,66.0,66.0,73.0,69.0,68.0,67.0,61.0,59.0,55.0,52.0,63.0,59.0,50.0,47.0,66.0,63.0,60.0,57.0,64.0,62.0,60.0,58.0,52,1,1,0,346.0,363.75,1,4.0,5.0
2023-01-08,USBCables,334,360.7236909871244,4.151931330472102,0.979830917874396,353.45,87.0,74.0,76.0,87.0,87.0,73.0,73.0,69.0,68.0,61.0,61.0,59.0,55.0,61.0,63.0,59.0,50.0,66.0,66.0,63.0,60.0,66.0,64.0,62.0,60.0,1,1,1,0,310.0,363.5,1,14.0,4.0
2023-01-15,USBCables,356,360.7236909871244,4.151931330472102,0.9785024154589372,352.97,85.0,76.0,76.0,84.0,82.0,87.0,73.0,73.0,69.0,74.0,61.0,61.0,59.0,76.0,61.0,63.0,59.0,87.0,66.0,66.0,63.0,87.0,66.0,64.0,62.0,2,1,1,0,345.0,345.5,1,12.0,14.0
2023-01-22,USBCables,360,360.7236909871244,4.151931330472102,0.9782608695652174,352.88,94.0,72.0,75.0,81.0,82.0,85.0,87.0,73.0,73.0,76.0,74.0,61.0,61.0,76.0,76.0,61.0,63.0,84.0,87.0,66.0,66.0,82.0,87.0,66.0,64.0,3,1,1,0,358.0,334.0,1,7.0,12.0
2023-01-29,USBCables,393,360.7236909871244,4.151931330472102,0.976268115942029,352.16,95.0,73.0,68.0,82.0,84.0,94.0,85.0,87.0,73.0,72.0,76.0,74.0,61.0,75.0,76.0,76.0,61.0,81.0,84.0,87.0,66.0,82.0,82.0,87.0,66.0,4,1,1,0,376.5,360.75,1,10.0,7.0
2023-02-05,USBCables,333,360.7236909871244,4.151931330472102,0.979891304347826,353.47,77.0,62.0,61.0,65.0,70.0,95.0,94.0,85.0,87.0,73.0,72.0,76.0,74.0,68.0,75.0,76.0,76.0,82.0,81.0,84.0,87.0,84.0,82.0,82.0,87.0,5,2,1,0,363.0,360.5,1,-17.0,10.0
2023-02-12,USBCables,361,360.7236909871244,4.151931330472102,0.9782004830917874,352.86,74.0,60.0,62.0,63.0,71.0,77.0,95.0,94.0,85.0,62.0,73.0,72.0,76.0,61.0,68.0,75.0,76.0,65.0,82.0,81.0,84.0,70.0,84.0,82.0,82.0,6,2,1,0,347.0,361.75,1,-21.0,-17.0
2023-02-19,USBCables,390,360.7236909871244,4.151931330472102,0.9764492753623188,352.23,71.0,58.0,61.0,60.0,69.0,74.0,77.0,95.0,94.0,60.0,62.0,73.0,72.0,62.0,61.0,68.0,75.0,63.0,65.0,82.0,81.0,71.0,70.0,84.0,82.0,7,2,1,0,375.5,369.25,1,-6.0,-21.0
2023-02-26,USBCables,343,360.7236909871244,4.151931330472102,0.9792874396135266,353.25,69.0,59.0,59.0,60.0,68.0,71.0,74.0,77.0,95.0,58.0,60.0,62.0,73.0,61.0,62.0,61.0,68.0,60.0,63.0,65.0,82.0,69.0,71.0,70.0,84.0,8,2,1,0,366.5,356.75,1,-5.0,-6.0
2023-03-05,USBCables,358,360.7236909871244,4.151931330472102,0.9783816425120772,352.93,67.0,56.0,60.0,58.0,65.0,69.0,71.0,74.0,77.0,59.0,58.0,60.0,62.0,59.0,61.0,62.0,61.0,60.0,60.0,63.0,65.0,68.0,69.0,71.0,70.0,9,3,1,0,350.5,363.0,1,-4.0,-5.0
2023-03-12,USBCables,327,360.7236909871244,4.151931330472102,0.9802536231884058,353.6,61.0,53.0,58.0,55.0,61.0,67.0,69.0,71.0,74.0,56.0,59.0,58.0,60.0,60.0,59.0,61.0,62.0,58.0,60.0,60.0,63.0,65.0,68.0,69.0,71.0,10,3,1,0,342.5,354.5,1,-8.0,-4.0
2023-03-19,USBCables,326,360.7236909871244,4.151931330472102,0.9803140096618358,353.62,57.0,51.0,56.0,50.0,58.0,61.0,67.0,69.0,71.0,53.0,56.0,59.0,58.0,58.0,60.0,59.0,61.0,55.0,58.0,60.0,60.0,61.0,65.0,68.0,69.0,11,3,1,0,326.5,338.5,1,-10.0,-8.0
2023-03-26,USBCables,402,360.7236909871244,4.151931330472102,0.9757246376811596,351.97,53.0,46.0,54.0,45.0,55.0,57.0,61.0,67.0,69.0,51.0,53.0,56.0,59.0,56.0,58.0,60.0,59.0,50.0,55.0,58.0,60.0,58.0,61.0,65.0,68.0,12,3,1,0,364.0,353.25,1,-8.0,-10.0
2023-04-02,USBCables,423,360.7236909871244,4.151931330472102,0.9744565217391304,351.51,48.0,44.0,49.0,41.0,52.0,53.0,57.0,61.0,67.0,46.0,51.0,53.0,56.0,54.0,56.0,58.0,60.0,45.0,50.0,55.0,58.0,55.0,58.0,61.0,65.0,13,4,2,0,412.5,369.5,1,-9.0,-8.0
2023-04-09,USBCables,370,360.7236909871244,4.151931330472102,0.977657004830918,352.66,44.0,40.0,41.0,38.0,49.0,48.0,53.0,57.0,61.0,44.0,46.0,51.0,53.0,49.0,54.0,56.0,58.0,41.0,45.0,50.0,55.0,52.0,55.0,58.0,61.0,14,4,2,0,396.5,380.25,1,-9.0,-9.0
2023-04-16,USBCables,409,360.7236909871244,4.151931330472102,0.9753019323671498,351.81,38.0,35.0,38.0,36.0,47.0,44.0,48.0,53.0,57.0,40.0,44.0,46.0,51.0,41.0,49.0,54.0,56.0,38.0,41.0,45.0,50.0,49.0,52.0,55.0,58.0,15,4,2,0,389.5,401.0,1,-10.0,-9.0
2023-04-23,USBCables,383,360.7236909871244,4.151931330472102,0.9768719806763284,352.38,37.0,32.0,34.0,31.0,43.0,38.0,44.0,48.0,53.0,35.0,40.0,44.0,46.0,38.0,41.0,49.0,54.0,36.0,38.0,41.0,45.0,47.0,49.0,52.0,55.0,16,4,2,0,396.0,396.25,1,-7.0,-10.0
2023-04-30,USBCables,343,360.7236909871244,4.151931330472102,0.9792874396135266,353.25,31.0,30.0,29.0,27.0,41.0,37.0,38.0,44.0,48.0,32.0,35.0,40.0,44.0,34.0,38.0,41.0,49.0,31.0,36.0,38.0,41.0,43.0,47.0,49.0,52.0,17,4,2,0,363.0,376.25,1,-7.0,-7.0
2023-05-07,USBCables,377,360.7236909871244,4.151931330472102,0.9772342995169082,352.51,32.0,26.0,24.0,22.0,36.0,31.0,37.0,38.0,44.0,30.0,32.0,35.0,40.0,29.0,34.0,38.0,41.0,27.0,31.0,36.0,38.0,41.0,43.0,47.0,49.0,18,5,2,0,360.0,378.0,1,-5.0,-7.0
2023-05-14,USBCables,414,360.7236909871244,4.151931330472102,0.975,351.71,29.0,21.0,23.0,21.0,32.0,32.0,31.0,37.0,38.0,26.0,30.0,32.0,35.0,24.0,29.0,34.0,38.0,22.0,27.0,31.0,36.0,36.0,41.0,43.0,47.0,19,5,2,0,395.5,379.25,1,-2.0,-5.0
2023-05-21,USBCables,353,360.7236909871244,4.151931330472102,0.9786835748792272,353.03,27.0,18.0,22.0,17.0,29.0,29.0,32.0,31.0,37.0,21.0,26.0,30.0,32.0,23.0,24.0,29.0,34.0,21.0,22.0,27.0,31.0,32.0,36.0,41.0,43.0,20,5,2,0,383.5,371.75,1,-5.0,-2.0
2023-05-28,USBCables,403,360.7236909871244,4.151931330472102,0.9756642512077296,351.95,22.0,14.0,20.0,14.0,25.0,27.0,29.0,32.0,31.0,18.0,21.0,26.0,30.0,22.0,23.0,24.0,29.0,17.0,21.0,22.0,27.0,29.0,32.0,36.0,41.0,21,5,2,0,378.0,386.75,1,-7.0,-5.0
2023-06-04,USBCables,253,360.7236909871244,4.151931330472102,0.9847222222222224,355.21,16.0,12.0,20.0,9.0,21.0,22.0,27.0,29.0,32.0,14.0,18.0,21.0,26.0,20.0,22.0,23.0,24.0,14.0,17.0,21.0,22.0,25.0,29.0,32.0,36.0,22,6,2,0,328.0,355.75,1,-11.0,-7.0
2023-06-11,USBCables,363,360.7236909871244,4.151931330472102,0.9780797101449276,352.82,13.0,9.0,15.0,6.0,19.0,16.0,22.0,27.0,29.0,12.0,14.0,18.0,21.0,20.0,20.0,22.0,23.0,9.0,14.0,17.0,21.0,21.0,25.0,29.0,32.0,23,6,2,0,308.0,343.0,1,-9.0,-11.0
2023-06-18,USBCables,411,360.7236909871244,4.151931330472102,0.9751811594202898,351.77,20.0,23.0,20.0,15.0,24.0,13.0,16.0,22.0,27.0,9.0,12.0,14.0,18.0,15.0,20.0,20.0,22.0,6.0,9.0,14.0,17.0,19.0,21.0,25.0,29.0,24,6,2,0,387.0,357.5,1,4.0,-9.0
2023-06-25,USBCables,388,360.7236909871244,4.151931330472102,0.9765700483091788,352.27,18.0,16.0,23.0,17.0,28.0,20.0,13.0,16.0,22.0,23.0,9.0,12.0,14.0,20.0,15.0,20.0,20.0,15.0,6.0,9.0,14.0,24.0,19.0,21.0,25.0,25,6,2,0,399.5,353.75,1,5.0,4.0
2023-07-02,USBCables,397,360.7236909871244,4.151931330472102,0.9760265700483092,352.08,24.0,16.0,26.0,19.0,32.0,18.0,20.0,13.0,16.0,16.0,23.0,9.0,12.0,23.0,20.0,15.0,20.0,17.0,15.0,6.0,9.0,28.0,24.0,19.0,21.0,26,7,3,0,392.5,389.75,1,4.0,5.0
2023-07-09,USBCables,309,360.7236909871244,4.151931330472102,0.9813405797101448,353.99,16.0,13.0,24.0,13.0,26.0,24.0,18.0,20.0,13.0,16.0,16.0,23.0,9.0,26.0,23.0,20.0,15.0,19.0,17.0,15.0,6.0,32.0,28.0,24.0,19.0,27,7,3,0,353.0,376.25,1,-2.0,4.0
2023-07-16,USBCables,370,360.7236909871244,4.151931330472102,0.977657004830918,352.66,15.0,13.0,24.0,17.0,30.0,16.0,24.0,18.0,20.0,13.0,16.0,16.0,23.0,24.0,26.0,23.0,20.0,13.0,19.0,17.0,15.0,26.0,32.0,28.0,24.0,28,7,3,0,339.5,366.0,1,-9.0,-2.0
2023-07-23,USBCables,303,360.7236909871244,4.151931330472102,0.9817028985507248,354.12,4.0,1.0,10.0,0.0,11.0,15.0,16.0,24.0,18.0,13.0,13.0,16.0,16.0,24.0,24.0,26.0,23.0,17.0,13.0,19.0,17.0,30.0,26.0,32.0,28.0,29,7,3,0,336.5,344.75,1,-12.0,-9.0
2023-07-30,USBCables,328,360.7236909871244,4.151931330472102,0.9801932367149758,353.58,4.0,1.0,10.0,1.0,11.0,4.0,15.0,16.0,24.0,1.0,13.0,13.0,16.0,10.0,24.0,24.0,26.0,0.0,17.0,13.0,19.0,11.0,30.0,26.0,32.0,30,7,3,0,315.5,327.5,1,-11.0,-12.0
2023-08-06,USBCables,265,360.7236909871244,4.151931330472102,0.9839975845410628,354.95,3.0,1.0,11.0,0.0,14.0,4.0,4.0,15.0,16.0,1.0,1.0,13.0,13.0,10.0,10.0,24.0,24.0,1.0,0.0,17.0,13.0,11.0,11.0,30.0,26.0,31,8,3,0,296.5,316.5,1,-1.0,-11.0
2023-08-13,USBCables,252,360.7236909871244,4.151931330472102,0.9847826086956522,355.23,0.0,0.0,10.0,1.0,14.0,3.0,4.0,4.0,15.0,1.0,1.0,1.0,13.0,11.0,10.0,10.0,24.0,0.0,1.0,0.0,17.0,14.0,11.0,11.0,30.0,32,8,3,0,258.5,287.0,1,-4.0,-1.0
2023-08-20,USBCables,255,360.7236909871244,4.151931330472102,0.9846014492753624,355.17,0.0,2.0,10.0,4.0,16.0,0.0,3.0,4.0,4.0,0.0,1.0,1.0,1.0,10.0,11.0,10.0,10.0,1.0,0.0,1.0,0.0,14.0,14.0,11.0,11.0,33,8,3,0,253.5,275.0,1,-3.0,-4.0
2023-08-27,USBCables,289,360.7236909871244,4.151931330472102,0.982548309178744,354.43,5.0,4.0,14.0,6.0,16.0,0.0,0.0,3.0,4.0,2.0,0.0,1.0,1.0,10.0,10.0,11.0,10.0,4.0,1.0,0.0,1.0,16.0,14.0,14.0,11.0,34,8,3,0,272.0,265.25,1,5.0,-3.0
2023-09-03,USBCables,269,360.7236909871244,4.151931330472102,0.983756038647343,354.86,9.0,7.0,14.0,9.0,17.0,5.0,0.0,0.0,3.0,4.0,2.0,0.0,1.0,14.0,10.0,10.0,11.0,6.0,4.0,1.0,0.0,16.0,16.0,14.0,14.0,35,9,3,0,279.0,266.25,1,9.0,5.0
2023-09-10,USBCables,244,360.7236909871244,4.151931330472102,0.9852657004830918,355.41,13.0,9.0,18.0,13.0,20.0,9.0,5.0,0.0,0.0,7.0,4.0,2.0,0.0,14.0,14.0,10.0,10.0,9.0,6.0,4.0,1.0,17.0,16.0,16.0,14.0,36,9,3,0,256.5,264.25,1,8.0,9.0
2023-09-17,USBCables,269,360.7236909871244,4.151931330472102,0.983756038647343,354.86,19.0,12.0,18.0,16.0,24.0,13.0,9.0,5.0,0.0,9.0,7.0,4.0,2.0,18.0,14.0,14.0,10.0,13.0,9.0,6.0,4.0,20.0,17.0,16.0,16.0,37,9,3,0,256.5,267.75,1,10.0,8.0
2023-09-24,USBCables,257,360.7236909871244,4.151931330472102,0.9844806763285024,355.13,18.0,14.0,20.0,18.0,28.0,19.0,13.0,9.0,5.0,12.0,9.0,7.0,4.0,18.0,18.0,14.0,14.0,16.0,13.0,9.0,6.0,24.0,20.0,17.0,16.0,38,9,3,0,263.0,259.75,1,5.0,10.0
2023-10-01,USBCables,279,360.7236909871244,4.151931330472102,0.9831521739130434,354.65,22.0,18.0,25.0,20.0,31.0,18.0,19.0,13.0,9.0,14.0,12.0,9.0,7.0,20.0,18.0,18.0,14.0,18.0,16.0,13.0,9.0,28.0,24.0,20.0,17.0,39,10,4,1,268.0,262.25,1,3.0,5.0
2023-10-08,USBCables,356,360.7236909871244,4.151931330472102,0.9785024154589372,352.97,67.0,59.0,67.0,47.0,78.0,22.0,18.0,19.0,13.0,18.0,14.0,12.0,9.0,25.0,20.0,18.0,18.0,20.0,18.0,16.0,13.0,31.0,28.0,24.0,20.0,40,10,4,1,317.5,290.25,1,49.0,3.0
2023-10-15,USBCables,372,360.7236909871244,4.151931330472102,0.977536231884058,352.62,71.0,52.0,53.0,71.0,72.0,67.0,22.0,18.0,19.0,59.0,18.0,14.0,12.0,67.0,25.0,20.0,18.0,47.0,20.0,18.0,16.0,78.0,31.0,28.0,24.0,41,10,4,1,364.0,316.0,1,49.0,49.0
2023-10-22,USBCables,372,360.7236909871244,4.151931330472102,0.977536231884058,352.62,68.0,72.0,58.0,67.0,85.0,71.0,67.0,22.0,18.0,52.0,59.0,18.0,14.0,53.0,67.0,25.0,20.0,71.0,47.0,20.0,18.0,72.0,78.0,31.0,28.0,42,10,4,1,372.0,344.75,1,1.0,49.0
2023-10-29,USBCables,333,360.7236909871244,4.151931330472102,0.979891304347826,353.47,70.0,62.0,66.0,71.0,94.0,68.0,71.0,67.0,22.0,72.0,52.0,59.0,18.0,58.0,53.0,67.0,25.0,67.0,71.0,47.0,20.0,85.0,72.0,78.0,31.0,43,10,4,1,352.5,358.25,1,-1.0,1.0
2023-11-05,USBCables,406,360.7236909871244,4.151931330472102,0.9754830917874396,351.88,74.0,77.0,87.0,69.0,94.0,70.0,68.0,71.0,67.0,62.0,72.0,52.0,59.0,66.0,58.0,53.0,67.0,71.0,67.0,71.0,47.0,94.0,85.0,72.0,78.0,44,11,4,1,369.5,370.75,1,6.0,-1.0
2023-11-12,USBCables,410,360.7236909871244,4.151931330472102,0.9752415458937198,351.79,76.0,82.0,69.0,82.0,98.0,74.0,70.0,68.0,71.0,77.0,62.0,72.0,52.0,87.0,66.0,58.0,53.0,69.0,71.0,67.0,71.0,94.0,94.0,85.0,72.0,45,11,4,1,408.0,380.25,1,6.0,6.0
2023-11-19,USBCables,406,360.7236909871244,4.151931330472102,0.9754830917874396,351.88,91.0,81.0,90.0,73.0,87.0,76.0,74.0,70.0,68.0,82.0,77.0,62.0,72.0,69.0,87.0,66.0,58.0,82.0,69.0,71.0,67.0,98.0,94.0,94.0,85.0,46,11,4,1,408.0,388.75,1,17.0,6.0
2023-11-26,USBCables,402,360.7236909871244,4.151931330472102,0.9757246376811596,351.97,57.0,50.0,48.0,50.0,64.0,91.0,76.0,74.0,70.0,81.0,82.0,77.0,62.0,90.0,69.0,87.0,66.0,73.0,82.0,69.0,71.0,87.0,98.0,94.0,94.0,47,11,4,1,404.0,406.0,1,-19.0,17.0
2023-12-03,USBCables,360,360.7236909871244,4.151931330472102,0.9782608695652174,352.88,59.0,52.0,51.0,53.0,67.0,57.0,91.0,76.0,74.0,50.0,81.0,82.0,77.0,48.0,90.0,69.0,87.0,50.0,73.0,82.0,69.0,64.0,87.0,98.0,94.0,48,12,4,1,381.0,394.5,1,-32.0,-19.0
2023-12-10,USBCables,409,360.7236909871244,4.151931330472102,0.9753019323671498,351.81,61.0,54.0,57.0,56.0,70.0,59.0,57.0,91.0,76.0,52.0,50.0,81.0,82.0,51.0,48.0,90.0,69.0,53.0,50.0,73.0,82.0,67.0,64.0,87.0,98.0,49,12,4,1,384.5,394.25,1,4.0,-32.0
2023-12-17,USBCables,419,360.7236909871244,4.151931330472102,0.9746980676328504,351.6,64.0,58.0,62.0,58.0,74.0,61.0,59.0,57.0,91.0,54.0,52.0,50.0,81.0,57.0,51.0,48.0,90.0,56.0,53.0,50.0,73.0,70.0,67.0,64.0,87.0,50,12,4,1,414.0,397.5,1,5.0,4.0
2023-12-24,USBCables,407,360.7236909871244,4.151931330472102,0.9754227053140097,351.86,68.0,59.0,65.0,59.0,75.0,64.0,61.0,59.0,57.0,58.0,54.0,52.0,50.0,62.0,57.0,51.0,48.0,58.0,56.0,53.0,50.0,74.0,70.0,67.0,64.0,51,12,4,1,413.0,398.75,1,7.0,5.0
2023-12-31,USBCables,316,360.7236909871244,4.151931330472102,0.9809178743961352,353.84,68.0,59.0,68.0,60.0,77.0,68.0,64.0,61.0,59.0,59.0,58.0,54.0,52.0,65.0,62.0,57.0,51.0,59.0,58.0,56.0,53.0,75.0,74.0,70.0,67.0,52,12,4,1,361.5,387.75,1,4.0,7.0
2022-01-30,HDMICables,2085,406.2916666666667,4.254166666666667,0.8740942028985508,355.14,79.0,92.0,84.0,100.0,75.0,80.0,88.0,85.0,63.0,100.0,89.0,94.0,76.0,88.0,81.0,84.0,67.0,97.0,90.0,99.0,78.0,71.0,83.0,76.0,58.0,4,1,1,0,2085.0,2085.0,0,-9.0,-5.0
2022-02-06,HDMICables,1668,406.2916666666667,4.254166666666667,0.8992753623188405,365.37,69.0,78.0,70.0,81.0,62.0,79.0,80.0,88.0,85.0,92.0,100.0,89.0,94.0,84.0,88.0,81.0,84.0,100.0,97.0,90.0,99.0,75.0,71.0,83.0,76.0,5,2,1,0,1876.5,1876.5,0,-11.0,-9.0
2022-02-13,HDMICables,2014,406.2916666666667,4.254166666666667,0.8783816425120773,356.88,69.0,76.0,71.0,79.0,61.0,69.0,79.0,80.0,88.0,78.0,92.0,100.0,89.0,70.0,84.0,88.0,81.0,81.0,100.0,97.0,90.0,62.0,75.0,71.0,83.0,6,2,1,0,1841.0,1922.3333333333333,0,-10.0,-11.0
2022-02-20,HDMICables,1903,406.2916666666667,4.254166666666667,0.885084541062802,359.6,69.0,74.0,68.0,78.0,60.0,69.0,69.0,79.0,80.0,76.0,78.0,92.0,100.0,71.0,70.0,84.0,88.0,79.0,81.0,100.0,97.0,61.0,62.0,75.0,71.0,7,2,1,0,1958.5,1917.5,0,0.0,-10.0
2022-02-27,HDMICables,1708,406.2916666666667,4.254166666666667,0.8968599033816426,364.39,67.0,71.0,63.0,74.0,58.0,69.0,69.0,69.0,79.0,74.0,76.0,78.0,92.0,68.0,71.0,70.0,84.0,78.0,79.0,81.0,100.0,60.0,61.0,62.0,75.0,8,2,1,0,1805.5,1823.25,0,-2.0,0.0
2022-03-06,HDMICables,1911,406.2916666666667,4.254166666666667,0.8846014492753623,359.41,63.0,70.0,61.0,73.0,57.0,67.0,69.0,69.0,69.0,71.0,74.0,76.0,78.0,63.0,68.0,71.0,70.0,74.0,78.0,79.0,81.0,58.0,60.0,61.0,62.0,9,3,1,0,1809.5,1884.0,0,-6.0,-2.0
2022-03-13,HDMICables,1745,406.2916666666667,4.254166666666667,0.8946256038647343,363.48,62.0,68.0,62.0,70.0,56.0,63.0,67.0,69.0,69.0,70.0,71.0,74.0,76.0,61.0,63.0,68.0,71.0,73.0,74.0,78.0,79.0,57.0,58.0,60.0,61.0,10,3,1,0,1828.0,1816.75,0,-5.0,-6.0
2022-03-20,HDMICables,1757,406.2916666666667,4.254166666666667,0.8939009661835748,363.18,60.0,65.0,57.0,69.0,53.0,62.0,63.0,67.0,69.0,68.0,70.0,71.0,74.0,62.0,61.0,63.0,68.0,70.0,73.0,74.0,78.0,56.0,57.0,58.0,60.0,11,3,1,0,1751.0,1780.25,0,-3.0,-5.0
2022-03-27,HDMICables,1896,406.2916666666667,4.254166666666667,0.8855072463768117,359.77,57.0,61.0,52.0,63.0,49.0,60.0,62.0,63.0,67.0,65.0,68.0,70.0,71.0,57.0,62.0,61.0,63.0,69.0,70.0,73.0,74.0,53.0,56.0,57.0,58.0,12,3,1,0,1826.5,1827.25,0,-5.0,-3.0
2022-04-03,HDMICables,1500,406.2916666666667,4.254166666666667,0.9094202898550724,369.49,50.0,59.0,47.0,58.0,45.0,57.0,60.0,62.0,63.0,61.0,65.0,68.0,70.0,52.0,57.0,62.0,61.0,63.0,69.0,70.0,73.0,49.0,53.0,56.0,57.0,13,4,2,0,1698.0,1724.5,0,-10.0,-5.0
2022-04-10,HDMICables,1535,406.2916666666667,4.254166666666667,0.907306763285024,368.63,46.0,54.0,43.0,54.0,40.0,50.0,57.0,60.0,62.0,59.0,61.0,65.0,68.0,47.0,52.0,57.0,62.0,58.0,63.0,69.0,70.0,45.0,49.0,53.0,56.0,14,4,2,0,1517.5,1672.0,0,-11.0,-10.0
2022-04-17,HDMICables,1746,406.2916666666667,4.254166666666667,0.8945652173913043,363.45,44.0,51.0,39.0,48.0,34.0,46.0,50.0,57.0,60.0,54.0,59.0,61.0,65.0,43.0,47.0,52.0,57.0,54.0,58.0,63.0,69.0,40.0,45.0,49.0,53.0,15,4,2,0,1640.5,1669.25,0,-6.0,-11.0
2022-04-24,HDMICables,1654,406.2916666666667,4.254166666666667,0.9001207729468599,365.71,38.0,47.0,36.0,41.0,30.0,44.0,46.0,50.0,57.0,51.0,54.0,59.0,61.0,39.0,43.0,47.0,52.0,48.0,54.0,58.0,63.0,34.0,40.0,45.0,49.0,16,4,2,0,1700.0,1608.75,0,-8.0,-6.0
2022-05-01,HDMICables,1884,406.2916666666667,4.254166666666667,0.886231884057971,360.07,38.0,43.0,34.0,35.0,27.0,38.0,44.0,46.0,50.0,47.0,51.0,54.0,59.0,36.0,39.0,43.0,47.0,41.0,48.0,54.0,58.0,30.0,34.0,40.0,45.0,17,5,2,0,1769.0,1704.75,0,-6.0,-8.0
2022-05-08,HDMICables,1645,406.2916666666667,4.254166666666667,0.9006642512077294,365.93,32.0,40.0,30.0,33.0,24.0,38.0,38.0,44.0,46.0,43.0,47.0,51.0,54.0,34.0,36.0,39.0,43.0,35.0,41.0,48.0,54.0,27.0,30.0,34.0,40.0,18,5,2,0,1764.5,1732.25,0,-6.0,-6.0
2022-05-15,HDMICables,1535,406.2916666666667,4.254166666666667,0.907306763285024,368.63,30.0,36.0,24.0,29.0,22.0,32.0,38.0,38.0,44.0,40.0,43.0,47.0,51.0,30.0,34.0,36.0,39.0,33.0,35.0,41.0,48.0,24.0,27.0,30.0,34.0,19,5,2,0,1590.0,1679.5,0,-8.0,-6.0
2022-05-22,HDMICables,2021,406.2916666666667,4.254166666666667,0.8779589371980676,356.71,29.0,33.0,18.0,28.0,19.0,30.0,32.0,38.0,38.0,36.0,40.0,43.0,47.0,24.0,30.0,34.0,36.0,29.0,33.0,35.0,41.0,22.0,24.0,27.0,30.0,20,5,2,0,1778.0,1771.25,0,-3.0,-8.0
2022-05-29,HDMICables,1695,406.2916666666667,4.254166666666667,0.8976449275362319,364.71,26.0,28.0,18.0,23.0,16.0,29.0,30.0,32.0,38.0,33.0,36.0,40.0,43.0,18.0,24.0,30.0,34.0,28.0,29.0,33.0,35.0,19.0,22.0,24.0,27.0,21,5,2,0,1858.0,1724.0,0,-4.0,-3.0
2022-06-05,HDMICables,1716,406.2916666666667,4.254166666666667,0.8963768115942029,364.19,23.0,25.0,16.0,21.0,13.0,26.0,29.0,30.0,32.0,28.0,33.0,36.0,40.0,18.0,18.0,24.0,30.0,23.0,28.0,29.0,33.0,16.0,19.0,22.0,24.0,22,6,2,0,1705.5,1741.75,0,-6.0,-4.0
2022-06-12,HDMICables,1433,406.2916666666667,4.254166666666667,0.9134661835748792,371.13,23.0,25.0,10.0,18.0,10.0,23.0,26.0,29.0,30.0,25.0,28.0,33.0,36.0,16.0,18.0,18.0,24.0,21.0,23.0,28.0,29.0,13.0,16.0,19.0,22.0,23,6,2,0,1574.5,1716.25,0,-3.0,-6.0
2022-06-19,HDMICables,1917,406.2916666666667,4.254166666666667,0.8842391304347826,359.26,33.0,34.0,24.0,32.0,26.0,23.0,23.0,26.0,29.0,25.0,25.0,28.0,33.0,10.0,16.0,18.0,18.0,18.0,21.0,23.0,28.0,10.0,13.0,16.0,19.0,24,6,2,0,1675.0,1690.25,0,10.0,-3.0
2022-06-26,HDMICables,2014,406.2916666666667,4.254166666666667,0.8783816425120773,356.88,29.0,32.0,20.0,29.0,16.0,33.0,23.0,23.0,26.0,34.0,25.0,25.0,28.0,24.0,10.0,16.0,18.0,32.0,18.0,21.0,23.0,26.0,10.0,13.0,16.0,25,6,2,0,1965.5,1770.0,0,6.0,10.0
2022-07-03,HDMICables,1731,406.2916666666667,4.254166666666667,0.8954710144927536,363.82,35.0,29.0,22.0,20.0,17.0,29.0,33.0,23.0,23.0,32.0,34.0,25.0,25.0,20.0,24.0,10.0,16.0,29.0,32.0,18.0,21.0,16.0,26.0,10.0,13.0,26,7,3,0,1872.5,1773.75,0,2.0,6.0
2022-07-10,HDMICables,1993,406.2916666666667,4.254166666666667,0.8796497584541063,357.39,31.0,32.0,22.0,26.0,13.0,35.0,29.0,33.0,23.0,29.0,32.0,34.0,25.0,22.0,20.0,24.0,10.0,20.0,29.0,32.0,18.0,17.0,16.0,26.0,10.0,27,7,3,0,1862.0,1913.75,0,2.0,2.0
2022-07-17,HDMICables,1772,406.2916666666667,4.254166666666667,0.8929951690821256,362.82,27.0,28.0,18.0,24.0,15.0,31.0,35.0,29.0,33.0,32.0,29.0,32.0,34.0,22.0,22.0,20.0,24.0,26.0,20.0,29.0,32.0,13.0,17.0,16.0,26.0,28,7,3,0,1882.5,1877.5,0,-8.0,2.0
2022-07-24,HDMICables,1415,406.2916666666667,4.254166666666667,0.9145531400966184,371.58,14.0,15.0,0.0,10.0,1.0,27.0,31.0,35.0,29.0,28.0,32.0,29.0,32.0,18.0,22.0,22.0,20.0,24.0,26.0,20.0,29.0,15.0,13.0,17.0,16.0,29,7,3,0,1593.5,1727.75,0,-17.0,-8.0
2022-07-31,HDMICables,1339,406.2916666666667,4.254166666666667,0.9191425120772948,373.44,16.0,15.0,1.0,9.0,0.0,14.0,27.0,31.0,35.0,15.0,28.0,32.0,29.0,0.0,18.0,22.0,22.0,10.0,24.0,26.0,20.0,1.0,15.0,13.0,17.0,30,7,3,0,1377.0,1629.75,0,-11.0,-17.0
2022-08-07,HDMICables,1652,406.2916666666667,4.254166666666667,0.9002415458937199,365.76,15.0,15.0,2.0,11.0,1.0,16.0,14.0,27.0,31.0,15.0,15.0,28.0,32.0,1.0,0.0,18.0,22.0,9.0,10.0,24.0,26.0,0.0,1.0,15.0,13.0,31,8,3,0,1495.5,1544.5,0,1.0,-11.0
2022-08-14,HDMICables,1363,406.2916666666667,4.254166666666667,0.9176932367149758,372.85,14.0,15.0,3.0,13.0,2.0,15.0,16.0,14.0,27.0,15.0,15.0,15.0,28.0,2.0,1.0,0.0,18.0,11.0,9.0,10.0,24.0,1.0,0.0,1.0,15.0,32,8,3,0,1507.5,1442.25,0,-2.0,1.0
2022-08-21,HDMICables,1198,406.2916666666667,4.254166666666667,0.9276570048309178,376.9,13.0,17.0,4.0,15.0,5.0,14.0,15.0,16.0,14.0,15.0,15.0,15.0,15.0,3.0,2.0,1.0,0.0,13.0,11.0,9.0,10.0,2.0,1.0,0.0,1.0,33,8,3,0,1280.5,1388.0,0,-2.0,-2.0
2022-08-28,HDMICables,1425,406.2916666666667,4.254166666666667,0.9139492753623188,371.33,17.0,18.0,4.0,16.0,7.0,13.0,14.0,15.0,16.0,17.0,15.0,15.0,15.0,4.0,3.0,2.0,1.0,15.0,13.0,11.0,9.0,5.0,2.0,1.0,0.0,34,8,3,0,1311.5,1409.5,0,3.0,-2.0
2022-09-04,HDMICables,1140,406.2916666666667,4.254166666666667,0.9311594202898552,378.32,20.0,20.0,7.0,19.0,10.0,17.0,13.0,14.0,15.0,18.0,17.0,15.0,15.0,4.0,4.0,3.0,2.0,16.0,15.0,13.0,11.0,7.0,5.0,2.0,1.0,35,9,3,0,1282.5,1281.5,0,7.0,3.0
2022-09-11,HDMICables,1311,406.2916666666667,4.254166666666667,0.9208333333333334,374.13,21.0,23.0,10.0,22.0,12.0,20.0,17.0,13.0,14.0,20.0,18.0,17.0,15.0,7.0,4.0,4.0,3.0,19.0,16.0,15.0,13.0,10.0,7.0,5.0,2.0,36,9,3,0,1225.5,1268.5,0,4.0,7.0
2022-09-18,HDMICables,1024,406.2916666666667,4.254166666666667,0.9381642512077296,381.17,23.0,26.0,12.0,24.0,16.0,21.0,20.0,17.0,13.0,23.0,20.0,18.0,17.0,10.0,7.0,4.0,4.0,22.0,19.0,16.0,15.0,12.0,10.0,7.0,5.0,37,9,3,0,1167.5,1225.0,0,3.0,4.0
2022-09-25,HDMICables,1100,406.2916666666667,4.254166666666667,0.9335748792270532,379.3,28.0,27.0,16.0,25.0,20.0,23.0,21.0,20.0,17.0,26.0,23.0,20.0,18.0,12.0,10.0,7.0,4.0,24.0,22.0,19.0,16.0,16.0,12.0,10.0,7.0,38,9,3,0,1062.0,1143.75,0,7.0,3.0
2022-10-02,HDMICables,1292,406.2916666666667,4.254166666666667,0.9219806763285024,374.59,32.0,32.0,20.0,29.0,25.0,28.0,23.0,21.0,20.0,27.0,26.0,23.0,20.0,16.0,12.0,10.0,7.0,25.0,24.0,22.0,19.0,20.0,16.0,12.0,10.0,39,10,4,1,1196.0,1181.75,0,9.0,7.0
2022-10-09,HDMICables,2046,406.2916666666667,4.254166666666667,0.8764492753623189,356.09,72.0,79.0,67.0,64.0,56.0,32.0,28.0,23.0,21.0,32.0,27.0,26.0,23.0,20.0,16.0,12.0,10.0,29.0,25.0,24.0,22.0,25.0,20.0,16.0,12.0,40,10,4,1,1669.0,1365.5,0,44.0,9.0
2022-10-16,HDMICables,1947,406.2916666666667,4.254166666666667,0.8824275362318841,358.52,67.0,69.0,57.0,76.0,69.0,72.0,32.0,28.0,23.0,79.0,32.0,27.0,26.0,67.0,20.0,16.0,12.0,64.0,29.0,25.0,24.0,56.0,25.0,20.0,16.0,41,10,4,1,1996.5,1596.25,0,35.0,44.0
2022-10-23,HDMICables,1905,406.2916666666667,4.254166666666667,0.884963768115942,359.55,88.0,70.0,71.0,88.0,77.0,67.0,72.0,32.0,28.0,69.0,79.0,32.0,27.0,57.0,67.0,20.0,16.0,76.0,64.0,29.0,25.0,69.0,56.0,25.0,20.0,42,10,4,1,1926.0,1797.5,0,16.0,35.0
2022-10-30,HDMICables,1886,406.2916666666667,4.254166666666667,0.8861111111111111,360.02,86.0,71.0,62.0,90.0,74.0,88.0,67.0,72.0,32.0,70.0,69.0,79.0,32.0,71.0,57.0,67.0,20.0,88.0,76.0,64.0,29.0,77.0,69.0,56.0,25.0,43,10,4,1,1895.5,1946.0,0,19.0,16.0
2022-11-06,HDMICables,1675,406.2916666666667,4.254166666666667,0.898852657004831,365.2,99.0,83.0,71.0,76.0,89.0,86.0,88.0,67.0,72.0,71.0,70.0,69.0,79.0,62.0,71.0,57.0,67.0,90.0,88.0,76.0,64.0,74.0,77.0,69.0,56.0,44,11,4,1,1780.5,1853.25,0,11.0,19.0
2022-11-13,HDMICables,1848,406.2916666666667,4.254166666666667,0.8884057971014493,360.95,94.0,74.0,78.0,85.0,86.0,99.0,86.0,88.0,67.0,83.0,71.0,70.0,69.0,71.0,62.0,71.0,57.0,76.0,90.0,88.0,76.0,89.0,74.0,77.0,69.0,45,11,4,1,1761.5,1828.5,0,8.0,11.0
2022-11-20,HDMICables,1928,406.2916666666667,4.254166666666667,0.8835748792270531,358.99,100.0,79.0,80.0,85.0,80.0,94.0,99.0,86.0,88.0,74.0,83.0,71.0,70.0,78.0,71.0,62.0,71.0,85.0,76.0,90.0,88.0,86.0,89.0,74.0,77.0,46,11,4,1,1888.0,1834.25,0,1.0,8.0
2022-11-27,HDMICables,2270,406.2916666666667,4.254166666666667,0.8629227053140096,350.6,65.0,52.0,45.0,55.0,53.0,100.0,94.0,99.0,86.0,79.0,74.0,83.0,71.0,80.0,78.0,71.0,62.0,85.0,85.0,76.0,90.0,80.0,86.0,89.0,74.0,47,11,4,1,2099.0,1930.25,0,-29.0,1.0
2022-12-04,HDMICables,2160,406.2916666666667,4.254166666666667,0.8695652173913043,353.3,67.0,52.0,47.0,57.0,58.0,65.0,100.0,94.0,99.0,52.0,79.0,74.0,83.0,45.0,80.0,78.0,71.0,55.0,85.0,85.0,76.0,53.0,80.0,86.0,89.0,48,12,4,1,2215.0,2051.5,0,-33.0,-29.0
2022-12-11,HDMICables,1750,406.2916666666667,4.254166666666667,0.8943236714975845,363.36,68.0,55.0,50.0,60.0,60.0,67.0,65.0,100.0,94.0,52.0,52.0,79.0,74.0,47.0,45.0,80.0,78.0,57.0,55.0,85.0,85.0,58.0,53.0,80.0,86.0,49,12,4,1,1955.0,2027.0,0,3.0,-33.0
2022-12-18,HDMICables,2234,406.2916666666667,4.254166666666667,0.865096618357488,351.48,69.0,59.0,59.0,63.0,62.0,68.0,67.0,65.0,100.0,55.0,52.0,52.0,79.0,50.0,47.0,45.0,80.0,60.0,57.0,55.0,85.0,60.0,58.0,53.0,80.0,50,12,4,1,1992.0,2103.5,0,2.0,3.0
2022-12-25,HDMICables,2119,406.2916666666667,4.254166666666667,0.8720410628019324,354.3,73.0,61.0,63.0,66.0,64.0,69.0,68.0,67.0,65.0,59.0,55.0,52.0,52.0,59.0,50.0,47.0,45.0,63.0,60.0,57.0,55.0,62.0,60.0,58.0,53.0,51,12,4,1,2176.5,2065.75,0,5.0,2.0
2023-01-01,HDMICables,1495,406.2916666666667,4.254166666666667,0.9097222222222222,369.61,73.0,61.0,61.0,66.0,66.0,73.0,69.0,68.0,67.0,61.0,59.0,55.0,52.0,63.0,59.0,50.0,47.0,66.0,63.0,60.0,57.0,64.0,62.0,60.0,58.0,52,1,1,0,1807.0,1899.5,0,4.0,5.0
2023-01-08,HDMICables,1744,406.2916666666667,4.254166666666667,0.8946859903381642,363.5,87.0,74.0,76.0,87.0,87.0,73.0,73.0,69.0,68.0,61.0,61.0,59.0,55.0,61.0,63.0,59.0,50.0,66.0,66.0,63.0,60.0,66.0,64.0,62.0,60.0,1,1,1,0,1619.5,1898.0,0,14.0,4.0
2023-01-15,HDMICables,1857,406.2916666666667,4.254166666666667,0.8878623188405798,360.73,85.0,76.0,76.0,84.0,82.0,87.0,73.0,73.0,69.0,74.0,61.0,61.0,59.0,76.0,61.0,63.0,59.0,87.0,66.0,66.0,63.0,87.0,66.0,64.0,62.0,2,1,1,0,1800.5,1803.75,0,12.0,14.0
2023-01-22,HDMICables,1882,406.2916666666667,4.254166666666667,0.8863526570048309,360.12,94.0,72.0,75.0,81.0,82.0,85.0,87.0,73.0,73.0,76.0,74.0,61.0,61.0,76.0,76.0,61.0,63.0,84.0,87.0,66.0,66.0,82.0,87.0,66.0,64.0,3,1,1,0,1869.5,1744.5,0,7.0,12.0
2023-01-29,HDMICables,2053,406.2916666666667,4.254166666666667,0.8760265700483092,355.92,95.0,73.0,68.0,82.0,84.0,94.0,85.0,87.0,73.0,72.0,76.0,74.0,61.0,75.0,76.0,76.0,61.0,81.0,84.0,87.0,66.0,82.0,82.0,87.0,66.0,4,1,1,0,1967.5,1884.0,0,10.0,7.0
2023-02-05,HDMICables,1738,406.2916666666667,4.254166666666667,0.895048309178744,363.65,77.0,62.0,61.0,65.0,70.0,95.0,94.0,85.0,87.0,73.0,72.0,76.0,74.0,68.0,75.0,76.0,76.0,82.0,81.0,84.0,87.0,84.0,82.0,82.0,87.0,5,2,1,0,1895.5,1882.5,0,-17.0,10.0
2023-02-12,HDMICables,1886,406.2916666666667,4.254166666666667,0.8861111111111111,360.02,74.0,60.0,62.0,63.0,71.0,77.0,95.0,94.0,85.0,62.0,73.0,72.0,76.0,61.0,68.0,75.0,76.0,65.0,82.0,81.0,84.0,70.0,84.0,82.0,82.0,6,2,1,0,1812.0,1889.75,0,-21.0,-17.0
2023-02-19,HDMICables,2036,406.2916666666667,4.254166666666667,0.8770531400966184,356.34,71.0,58.0,61.0,60.0,69.0,74.0,77.0,95.0,94.0,60.0,62.0,73.0,72.0,62.0,61.0,68.0,75.0,63.0,65.0,82.0,81.0,71.0,70.0,84.0,82.0,7,2,1,0,1961.0,1928.25,0,-6.0,-21.0
2023-02-26,HDMICables,1791,406.2916666666667,4.254166666666667,0.8918478260869566,362.35,69.0,59.0,59.0,60.0,68.0,71.0,74.0,77.0,95.0,58.0,60.0,62.0,73.0,61.0,62.0,61.0,68.0,60.0,63.0,65.0,82.0,69.0,71.0,70.0,84.0,8,2,1,0,1913.5,1862.75,0,-5.0,-6.0
2023-03-05,HDMICables,1867,406.2916666666667,4.254166666666667,0.8872584541062802,360.49,67.0,56.0,60.0,58.0,65.0,69.0,71.0,74.0,77.0,59.0,58.0,60.0,62.0,59.0,61.0,62.0,61.0,60.0,60.0,63.0,65.0,68.0,69.0,71.0,70.0,9,3,1,0,1829.0,1895.0,0,-4.0,-5.0
2023-03-12,HDMICables,1708,406.2916666666667,4.254166666666667,0.8968599033816426,364.39,61.0,53.0,58.0,55.0,61.0,67.0,69.0,71.0,74.0,56.0,59.0,58.0,60.0,60.0,59.0,61.0,62.0,58.0,60.0,60.0,63.0,65.0,68.0,69.0,71.0,10,3,1,0,1787.5,1850.5,0,-8.0,-4.0
2023-03-19,HDMICables,1702,406.2916666666667,4.254166666666667,0.8972222222222223,364.53,57.0,51.0,56.0,50.0,58.0,61.0,67.0,69.0,71.0,53.0,56.0,59.0,58.0,58.0,60.0,59.0,61.0,55.0,58.0,60.0,60.0,61.0,65.0,68.0,69.0,11,3,1,0,1705.0,1767.0,0,-10.0,-8.0
2023-03-26,HDMICables,2101,406.2916666666667,4.254166666666667,0.8731280193236715,354.74,53.0,46.0,54.0,45.0,55.0,57.0,61.0,67.0,69.0,51.0,53.0,56.0,59.0,56.0,58.0,60.0,59.0,50.0,55.0,58.0,60.0,58.0,61.0,65.0,68.0,12,3,1,0,1901.5,1844.5,0,-8.0,-10.0
2023-04-02,HDMICables,2211,406.2916666666667,4.254166666666667,0.8664855072463769,352.05,48.0,44.0,49.0,41.0,52.0,53.0,57.0,61.0,67.0,46.0,51.0,53.0,56.0,54.0,56.0,58.0,60.0,45.0,50.0,55.0,58.0,55.0,58.0,61.0,65.0,13,4,2,0,2156.0,1930.5,0,-9.0,-8.0
2023-04-09,HDMICables,1932,406.2916666666667,4.254166666666667,0.8833333333333333,358.89,44.0,40.0,41.0,38.0,49.0,48.0,53.0,57.0,61.0,44.0,46.0,51.0,53.0,49.0,54.0,56.0,58.0,41.0,45.0,50.0,55.0,52.0,55.0,58.0,61.0,14,4,2,0,2071.5,1986.5,0,-9.0,-9.0
2023-04-16,HDMICables,2136,406.2916666666667,4.254166666666667,0.8710144927536232,353.89,38.0,35.0,38.0,36.0,47.0,44.0,48.0,53.0,57.0,40.0,44.0,46.0,51.0,41.0,49.0,54.0,56.0,38.0,41.0,45.0,50.0,49.0,52.0,55.0,58.0,15,4,2,0,2034.0,2095.0,0,-10.0,-9.0
2023-04-23,HDMICables,2001,406.2916666666667,4.254166666666667,0.8791666666666667,357.2,37.0,32.0,34.0,31.0,43.0,38.0,44.0,48.0,53.0,35.0,40.0,44.0,46.0,38.0,41.0,49.0,54.0,36.0,38.0,41.0,45.0,47.0,49.0,52.0,55.0,16,4,2,0,2068.5,2070.0,0,-7.0,-10.0
2023-04-30,HDMICables,1793,406.2916666666667,4.254166666666667,0.8917270531400966,362.3,31.0,30.0,29.0,27.0,41.0,37.0,38.0,44.0,48.0,32.0,35.0,40.0,44.0,34.0,38.0,41.0,49.0,31.0,36.0,38.0,41.0,43.0,47.0,49.0,52.0,17,4,2,0,1897.0,1965.5,0,-7.0,-7.0
2023-05-07,HDMICables,1966,406.2916666666667,4.254166666666667,0.881280193236715,358.06,32.0,26.0,24.0,22.0,36.0,31.0,37.0,38.0,44.0,30.0,32.0,35.0,40.0,29.0,34.0,38.0,41.0,27.0,31.0,36.0,38.0,41.0,43.0,47.0,49.0,18,5,2,0,1879.5,1974.0,0,-5.0,-7.0
2023-05-14,HDMICables,2164,406.2916666666667,4.254166666666667,0.8693236714975845,353.2,29.0,21.0,23.0,21.0,32.0,32.0,31.0,37.0,38.0,26.0,30.0,32.0,35.0,24.0,29.0,34.0,38.0,22.0,27.0,31.0,36.0,36.0,41.0,43.0,47.0,19,5,2,0,2065.0,1981.0,0,-2.0,-5.0
2023-05-21,HDMICables,1842,406.2916666666667,4.254166666666667,0.888768115942029,361.1,27.0,18.0,22.0,17.0,29.0,29.0,32.0,31.0,37.0,21.0,26.0,30.0,32.0,23.0,24.0,29.0,34.0,21.0,22.0,27.0,31.0,32.0,36.0,41.0,43.0,20,5,2,0,2003.0,1941.25,0,-5.0,-2.0
2023-05-28,HDMICables,2104,406.2916666666667,4.254166666666667,0.8729468599033816,354.67,22.0,14.0,20.0,14.0,25.0,27.0,29.0,32.0,31.0,18.0,21.0,26.0,30.0,22.0,23.0,24.0,29.0,17.0,21.0,22.0,27.0,29.0,32.0,36.0,41.0,21,5,2,0,1973.0,2019.0,0,-7.0,-5.0
2023-06-04,HDMICables,1319,406.2916666666667,4.254166666666667,0.9203502415458936,373.93,16.0,12.0,20.0,9.0,21.0,22.0,27.0,29.0,32.0,14.0,18.0,21.0,26.0,20.0,22.0,23.0,24.0,14.0,17.0,21.0,22.0,25.0,29.0,32.0,36.0,22,6,2,0,1711.5,1857.25,0,-11.0,-7.0
2023-06-11,HDMICables,1897,406.2916666666667,4.254166666666667,0.8854468599033817,359.75,13.0,9.0,15.0,6.0,19.0,16.0,22.0,27.0,29.0,12.0,14.0,18.0,21.0,20.0,20.0,22.0,23.0,9.0,14.0,17.0,21.0,21.0,25.0,29.0,32.0,23,6,2,0,1608.0,1790.5,0,-9.0,-11.0
2023-06-18,HDMICables,2145,406.2916666666667,4.254166666666667,0.8704710144927537,353.67,20.0,23.0,20.0,15.0,24.0,13.0,16.0,22.0,27.0,9.0,12.0,14.0,18.0,15.0,20.0,20.0,22.0,6.0,9.0,14.0,17.0,19.0,21.0,25.0,29.0,24,6,2,0,2021.0,1866.25,0,4.0,-9.0
2023-06-25,HDMICables,2027,406.2916666666667,4.254166666666667,0.8775966183574879,356.56,18.0,16.0,23.0,17.0,28.0,20.0,13.0,16.0,22.0,23.0,9.0,12.0,14.0,20.0,15.0,20.0,20.0,15.0,6.0,9.0,14.0,24.0,19.0,21.0,25.0,25,6,2,0,2086.0,1847.0,0,5.0,4.0
2023-07-02,HDMICables,2071,406.2916666666667,4.254166666666667,0.87493961352657,355.48,24.0,16.0,26.0,19.0,32.0,18.0,20.0,13.0,16.0,16.0,23.0,9.0,12.0,23.0,20.0,15.0,20.0,17.0,15.0,6.0,9.0,28.0,24.0,19.0,21.0,26,7,3,0,2049.0,2035.0,0,4.0,5.0
2023-07-09,HDMICables,1614,406.2916666666667,4.254166666666667,0.902536231884058,366.69,16.0,13.0,24.0,13.0,26.0,24.0,18.0,20.0,13.0,16.0,16.0,23.0,9.0,26.0,23.0,20.0,15.0,19.0,17.0,15.0,6.0,32.0,28.0,24.0,19.0,27,7,3,0,1842.5,1964.25,0,-2.0,4.0
2023-07-16,HDMICables,1933,406.2916666666667,4.254166666666667,0.8832729468599034,358.87,15.0,13.0,24.0,17.0,30.0,16.0,24.0,18.0,20.0,13.0,16.0,16.0,23.0,24.0,26.0,23.0,20.0,13.0,19.0,17.0,15.0,26.0,32.0,28.0,24.0,28,7,3,0,1773.5,1911.25,0,-9.0,-2.0
2023-07-23,HDMICables,1584,406.2916666666667,4.254166666666667,0.9043478260869564,367.43,4.0,1.0,10.0,0.0,11.0,15.0,16.0,24.0,18.0,13.0,13.0,16.0,16.0,24.0,24.0,26.0,23.0,17.0,13.0,19.0,17.0,30.0,26.0,32.0,28.0,29,7,3,0,1758.5,1800.5,0,-12.0,-9.0
2023-07-30,HDMICables,1715,406.2916666666667,4.254166666666667,0.8964371980676329,364.21,4.0,1.0,10.0,1.0,11.0,4.0,15.0,16.0,24.0,1.0,13.0,13.0,16.0,10.0,24.0,24.0,26.0,0.0,17.0,13.0,19.0,11.0,30.0,26.0,32.0,30,7,3,0,1649.5,1711.5,0,-11.0,-12.0
2023-08-06,HDMICables,1386,406.2916666666667,4.254166666666667,0.9163043478260868,372.29,3.0,1.0,11.0,0.0,14.0,4.0,4.0,15.0,16.0,1.0,1.0,13.0,13.0,10.0,10.0,24.0,24.0,1.0,0.0,17.0,13.0,11.0,11.0,30.0,26.0,31,8,3,0,1550.5,1654.5,0,-1.0,-11.0
2023-08-13,HDMICables,1315,406.2916666666667,4.254166666666667,0.9205917874396136,374.03,0.0,0.0,10.0,1.0,14.0,3.0,4.0,4.0,15.0,1.0,1.0,1.0,13.0,11.0,10.0,10.0,24.0,0.0,1.0,0.0,17.0,14.0,11.0,11.0,30.0,32,8,3,0,1350.5,1500.0,0,-4.0,-1.0
2023-08-20,HDMICables,1334,406.2916666666667,4.254166666666667,0.9194444444444444,373.56,0.0,2.0,10.0,4.0,16.0,0.0,3.0,4.0,4.0,0.0,1.0,1.0,1.0,10.0,11.0,10.0,10.0,1.0,0.0,1.0,0.0,14.0,14.0,11.0,11.0,33,8,3,0,1324.5,1437.5,0,-3.0,-4.0
2023-08-27,HDMICables,1507,406.2916666666667,4.254166666666667,0.9089975845410628,369.32,5.0,4.0,14.0,6.0,16.0,0.0,0.0,3.0,4.0,2.0,0.0,1.0,1.0,10.0,10.0,11.0,10.0,4.0,1.0,0.0,1.0,16.0,14.0,14.0,11.0,34,8,3,0,1420.5,1385.5,0,5.0,-3.0
2023-09-03,HDMICables,1406,406.2916666666667,4.254166666666667,0.915096618357488,371.8,9.0,7.0,14.0,9.0,17.0,5.0,0.0,0.0,3.0,4.0,2.0,0.0,1.0,14.0,10.0,10.0,11.0,6.0,4.0,1.0,0.0,16.0,16.0,14.0,14.0,35,9,3,0,1456.5,1390.5,0,9.0,5.0
2023-09-10,HDMICables,1275,406.2916666666667,4.254166666666667,0.9230072463768116,375.01,13.0,9.0,18.0,13.0,20.0,9.0,5.0,0.0,0.0,7.0,4.0,2.0,0.0,14.0,14.0,10.0,10.0,9.0,6.0,4.0,1.0,17.0,16.0,16.0,14.0,36,9,3,0,1340.5,1380.5,0,8.0,9.0
2023-09-17,HDMICables,1404,406.2916666666667,4.254166666666667,0.915217391304348,371.85,19.0,12.0,18.0,16.0,24.0,13.0,9.0,5.0,0.0,9.0,7.0,4.0,2.0,18.0,14.0,14.0,10.0,13.0,9.0,6.0,4.0,20.0,17.0,16.0,16.0,37,9,3,0,1339.5,1398.0,0,10.0,8.0
2023-09-24,HDMICables,1342,406.2916666666667,4.254166666666667,0.9189613526570048,373.37,18.0,14.0,20.0,18.0,28.0,19.0,13.0,9.0,5.0,12.0,9.0,7.0,4.0,18.0,18.0,14.0,14.0,16.0,13.0,9.0,6.0,24.0,20.0,17.0,16.0,38,9,3,0,1373.0,1356.75,0,5.0,10.0
2023-10-01,HDMICables,1457,406.2916666666667,4.254166666666667,0.9120169082125604,370.54,22.0,18.0,25.0,20.0,31.0,18.0,19.0,13.0,9.0,14.0,12.0,9.0,7.0,20.0,18.0,18.0,14.0,18.0,16.0,13.0,9.0,28.0,24.0,20.0,17.0,39,10,4,1,1399.5,1369.5,0,3.0,5.0
2023-10-08,HDMICables,1857,406.2916666666667,4.254166666666667,0.8878623188405798,360.73,67.0,59.0,67.0,47.0,78.0,22.0,18.0,19.0,13.0,18.0,14.0,12.0,9.0,25.0,20.0,18.0,18.0,20.0,18.0,16.0,13.0,31.0,28.0,24.0,20.0,40,10,4,1,1657.0,1515.0,0,49.0,3.0
2023-10-15,HDMICables,1940,406.2916666666667,4.254166666666667,0.8828502415458938,358.69,71.0,52.0,53.0,71.0,72.0,67.0,22.0,18.0,19.0,59.0,18.0,14.0,12.0,67.0,25.0,20.0,18.0,47.0,20.0,18.0,16.0,78.0,31.0,28.0,24.0,41,10,4,1,1898.5,1649.0,0,49.0,49.0
2023-10-22,HDMICables,1940,406.2916666666667,4.254166666666667,0.8828502415458938,358.69,68.0,72.0,58.0,67.0,85.0,71.0,67.0,22.0,18.0,52.0,59.0,18.0,14.0,53.0,67.0,25.0,20.0,71.0,47.0,20.0,18.0,72.0,78.0,31.0,28.0,42,10,4,1,1940.0,1798.5,0,1.0,49.0
2023-10-29,HDMICables,1740,406.2916666666667,4.254166666666667,0.894927536231884,363.6,70.0,62.0,66.0,71.0,94.0,68.0,71.0,67.0,22.0,72.0,52.0,59.0,18.0,58.0,53.0,67.0,25.0,67.0,71.0,47.0,20.0,85.0,72.0,78.0,31.0,43,10,4,1,1840.0,1869.25,0,-1.0,1.0
2023-11-05,HDMICables,2122,406.2916666666667,4.254166666666667,0.8718599033816425,354.23,74.0,77.0,87.0,69.0,94.0,70.0,68.0,71.0,67.0,62.0,72.0,52.0,59.0,66.0,58.0,53.0,67.0,71.0,67.0,71.0,47.0,94.0,85.0,72.0,78.0,44,11,4,1,1931.0,1935.5,0,6.0,-1.0
2023-11-12,HDMICables,2142,406.2916666666667,4.254166666666667,0.8706521739130435,353.74,76.0,82.0,69.0,82.0,98.0,74.0,70.0,68.0,71.0,77.0,62.0,72.0,52.0,87.0,66.0,58.0,53.0,69.0,71.0,67.0,71.0,94.0,94.0,85.0,72.0,45,11,4,1,2132.0,1986.0,0,6.0,6.0
2023-11-19,HDMICables,2119,406.2916666666667,4.254166666666667,0.8720410628019324,354.3,91.0,81.0,90.0,73.0,87.0,76.0,74.0,70.0,68.0,82.0,77.0,62.0,72.0,69.0,87.0,66.0,58.0,82.0,69.0,71.0,67.0,98.0,94.0,94.0,85.0,46,11,4,1,2130.5,2030.75,0,17.0,6.0
2023-11-26,HDMICables,2101,406.2916666666667,4.254166666666667,0.8731280193236715,354.74,57.0,50.0,48.0,50.0,64.0,91.0,76.0,74.0,70.0,81.0,82.0,77.0,62.0,90.0,69.0,87.0,66.0,73.0,82.0,69.0,71.0,87.0,98.0,94.0,94.0,47,11,4,1,2110.0,2121.0,0,-19.0,17.0
2023-12-03,HDMICables,1878,406.2916666666667,4.254166666666667,0.8865942028985507,360.22,59.0,52.0,51.0,53.0,67.0,57.0,91.0,76.0,74.0,50.0,81.0,82.0,77.0,48.0,90.0,69.0,87.0,50.0,73.0,82.0,69.0,64.0,87.0,98.0,94.0,48,12,4,1,1989.5,2060.0,0,-32.0,-19.0
2023-12-10,HDMICables,2133,406.2916666666667,4.254166666666667,0.871195652173913,353.96,61.0,54.0,57.0,56.0,70.0,59.0,57.0,91.0,76.0,52.0,50.0,81.0,82.0,51.0,48.0,90.0,69.0,53.0,50.0,73.0,82.0,67.0,64.0,87.0,98.0,49,12,4,1,2005.5,2057.75,0,4.0,-32.0
2023-12-17,HDMICables,2189,406.2916666666667,4.254166666666667,0.8678140096618358,352.59,64.0,58.0,62.0,58.0,74.0,61.0,59.0,57.0,91.0,54.0,52.0,50.0,81.0,57.0,51.0,48.0,90.0,56.0,53.0,50.0,73.0,70.0,67.0,64.0,87.0,50,12,4,1,2161.0,2075.25,0,5.0,4.0
2023-12-24,HDMICables,2124,406.2916666666667,4.254166666666667,0.8717391304347826,354.18,68.0,59.0,65.0,59.0,75.0,64.0,61.0,59.0,57.0,58.0,54.0,52.0,50.0,62.0,57.0,51.0,48.0,58.0,56.0,53.0,50.0,74.0,70.0,67.0,64.0,51,12,4,1,2156.5,2081.0,0,7.0,5.0
2023-12-31,HDMICables,1652,406.2916666666667,4.254166666666667,0.9002415458937199,365.76,68.0,59.0,68.0,60.0,77.0,68.0,64.0,61.0,59.0,59.0,58.0,54.0,52.0,65.0,62.0,57.0,51.0,59.0,58.0,56.0,53.0,75.0,74.0,70.0,67.0,52,12,4,1,1888.0,2024.5,0,4.0,7.0
2022-01-30,WirelessUSBAdapters,1060,722.1111111111111,4.094444444444445,0.9359903381642511,675.89,79.0,92.0,84.0,100.0,75.0,80.0,88.0,85.0,63.0,100.0,89.0,94.0,76.0,88.0,81.0,84.0,67.0,97.0,90.0,99.0,78.0,71.0,83.0,76.0,58.0,4,1,1,0,1060.0,1060.0,2,-9.0,-5.0
2022-02-06,WirelessUSBAdapters,848,722.1111111111111,4.094444444444445,0.9487922705314008,685.13,69.0,78.0,70.0,81.0,62.0,79.0,80.0,88.0,85.0,92.0,100.0,89.0,94.0,84.0,88.0,81.0,84.0,100.0,97.0,90.0,99.0,75.0,71.0,83.0,76.0,5,2,1,0,954.0,954.0,2,-11.0,-9.0
2022-02-13,WirelessUSBAdapters,1024,722.1111111111111,4.094444444444445,0.9381642512077296,677.46,69.0,76.0,71.0,79.0,61.0,69.0,79.0,80.0,88.0,78.0,92.0,100.0,89.0,70.0,84.0,88.0,81.0,81.0,100.0,97.0,90.0,62.0,75.0,71.0,83.0,6,2,1,0,936.0,977.3333333333334,2,-10.0,-11.0
2022-02-20,WirelessUSBAdapters,968,722.1111111111111,4.094444444444445,0.9415458937198068,679.9,69.0,74.0,68.0,78.0,60.0,69.0,69.0,79.0,80.0,76.0,78.0,92.0,100.0,71.0,70.0,84.0,88.0,79.0,81.0,100.0,97.0,61.0,62.0,75.0,71.0,7,2,1,0,996.0,975.0,2,0.0,-10.0
2022-02-27,WirelessUSBAdapters,868,722.1111111111111,4.094444444444445,0.947584541062802,684.26,67.0,71.0,63.0,74.0,58.0,69.0,69.0,69.0,79.0,74.0,76.0,78.0,92.0,68.0,71.0,70.0,84.0,78.0,79.0,81.0,100.0,60.0,61.0,62.0,75.0,8,2,1,0,918.0,927.0,2,-2.0,0.0
2022-03-06,WirelessUSBAdapters,972,722.1111111111111,4.094444444444445,0.941304347826087,679.73,63.0,70.0,61.0,73.0,57.0,67.0,69.0,69.0,69.0,71.0,74.0,76.0,78.0,63.0,68.0,71.0,70.0,74.0,78.0,79.0,81.0,58.0,60.0,61.0,62.0,9,3,1,0,920.0,958.0,2,-6.0,-2.0
2022-03-13,WirelessUSBAdapters,887,722.1111111111111,4.094444444444445,0.9464371980676328,683.43,62.0,68.0,62.0,70.0,56.0,63.0,67.0,69.0,69.0,70.0,71.0,74.0,76.0,61.0,63.0,68.0,71.0,73.0,74.0,78.0,79.0,57.0,58.0,60.0,61.0,10,3,1,0,929.5,923.75,2,-5.0,-6.0
2022-03-20,WirelessUSBAdapters,893,722.1111111111111,4.094444444444445,0.9460748792270532,683.17,60.0,65.0,57.0,69.0,53.0,62.0,63.0,67.0,69.0,68.0,70.0,71.0,74.0,62.0,61.0,63.0,68.0,70.0,73.0,74.0,78.0,56.0,57.0,58.0,60.0,11,3,1,0,890.0,905.0,2,-3.0,-5.0
2022-03-27,WirelessUSBAdapters,964,722.1111111111111,4.094444444444445,0.9417874396135266,680.08,57.0,61.0,52.0,63.0,49.0,60.0,62.0,63.0,67.0,65.0,68.0,70.0,71.0,57.0,62.0,61.0,63.0,69.0,70.0,73.0,74.0,53.0,56.0,57.0,58.0,12,3,1,0,928.5,929.0,2,-5.0,-3.0
2022-04-03,WirelessUSBAdapters,763,722.1111111111111,4.094444444444445,0.9539251207729468,688.84,50.0,59.0,47.0,58.0,45.0,57.0,60.0,62.0,63.0,61.0,65.0,68.0,70.0,52.0,57.0,62.0,61.0,63.0,69.0,70.0,73.0,49.0,53.0,56.0,57.0,13,4,2,0,863.5,876.75,2,-10.0,-5.0
2022-04-10,WirelessUSBAdapters,780,722.1111111111111,4.094444444444445,0.9528985507246376,688.1,46.0,54.0,43.0,54.0,40.0,50.0,57.0,60.0,62.0,59.0,61.0,65.0,68.0,47.0,52.0,57.0,62.0,58.0,63.0,69.0,70.0,45.0,49.0,53.0,56.0,14,4,2,0,771.5,850.0,2,-11.0,-10.0
2022-04-17,WirelessUSBAdapters,888,722.1111111111111,4.094444444444445,0.946376811594203,683.39,44.0,51.0,39.0,48.0,34.0,46.0,50.0,57.0,60.0,54.0,59.0,61.0,65.0,43.0,47.0,52.0,57.0,54.0,58.0,63.0,69.0,40.0,45.0,49.0,53.0,15,4,2,0,834.0,848.75,2,-6.0,-11.0
2022-04-24,WirelessUSBAdapters,841,722.1111111111111,4.094444444444445,0.9492149758454106,685.44,38.0,47.0,36.0,41.0,30.0,44.0,46.0,50.0,57.0,51.0,54.0,59.0,61.0,39.0,43.0,47.0,52.0,48.0,54.0,58.0,63.0,34.0,40.0,45.0,49.0,16,4,2,0,864.5,818.0,2,-8.0,-6.0
2022-05-01,WirelessUSBAdapters,958,722.1111111111111,4.094444444444445,0.9421497584541064,680.34,38.0,43.0,34.0,35.0,27.0,38.0,44.0,46.0,50.0,47.0,51.0,54.0,59.0,36.0,39.0,43.0,47.0,41.0,48.0,54.0,58.0,30.0,34.0,40.0,45.0,17,5,2,0,899.5,866.75,2,-6.0,-8.0
2022-05-08,WirelessUSBAdapters,836,722.1111111111111,4.094444444444445,0.9495169082125604,685.66,32.0,40.0,30.0,33.0,24.0,38.0,38.0,44.0,46.0,43.0,47.0,51.0,54.0,34.0,36.0,39.0,43.0,35.0,41.0,48.0,54.0,27.0,30.0,34.0,40.0,18,5,2,0,897.0,880.75,2,-6.0,-6.0
2022-05-15,WirelessUSBAdapters,780,722.1111111111111,4.094444444444445,0.9528985507246376,688.1,30.0,36.0,24.0,29.0,22.0,32.0,38.0,38.0,44.0,40.0,43.0,47.0,51.0,30.0,34.0,36.0,39.0,33.0,35.0,41.0,48.0,24.0,27.0,30.0,34.0,19,5,2,0,808.0,853.75,2,-8.0,-6.0
2022-05-22,WirelessUSBAdapters,1028,722.1111111111111,4.094444444444445,0.9379227053140096,677.28,29.0,33.0,18.0,28.0,19.0,30.0,32.0,38.0,38.0,36.0,40.0,43.0,47.0,24.0,30.0,34.0,36.0,29.0,33.0,35.0,41.0,22.0,24.0,27.0,30.0,20,5,2,0,904.0,900.5,2,-3.0,-8.0
2022-05-29,WirelessUSBAdapters,862,722.1111111111111,4.094444444444445,0.9479468599033816,684.52,26.0,28.0,18.0,23.0,16.0,29.0,30.0,32.0,38.0,33.0,36.0,40.0,43.0,18.0,24.0,30.0,34.0,28.0,29.0,33.0,35.0,19.0,22.0,24.0,27.0,21,5,2,0,945.0,876.5,2,-4.0,-3.0
2022-06-05,WirelessUSBAdapters,872,722.1111111111111,4.094444444444445,0.9473429951690822,684.09,23.0,25.0,16.0,21.0,13.0,26.0,29.0,30.0,32.0,28.0,33.0,36.0,40.0,18.0,18.0,24.0,30.0,23.0,28.0,29.0,33.0,16.0,19.0,22.0,24.0,22,6,2,0,867.0,885.5,2,-6.0,-4.0
2022-06-12,WirelessUSBAdapters,729,722.1111111111111,4.094444444444445,0.9559782608695652,690.32,23.0,25.0,10.0,18.0,10.0,23.0,26.0,29.0,30.0,25.0,28.0,33.0,36.0,16.0,18.0,18.0,24.0,21.0,23.0,28.0,29.0,13.0,16.0,19.0,22.0,23,6,2,0,800.5,872.75,2,-3.0,-6.0
2022-06-19,WirelessUSBAdapters,975,722.1111111111111,4.094444444444445,0.9411231884057972,679.6,33.0,34.0,24.0,32.0,26.0,23.0,23.0,26.0,29.0,25.0,25.0,28.0,33.0,10.0,16.0,18.0,18.0,18.0,21.0,23.0,28.0,10.0,13.0,16.0,19.0,24,6,2,0,852.0,859.5,2,10.0,-3.0
2022-06-26,WirelessUSBAdapters,1024,722.1111111111111,4.094444444444445,0.9381642512077296,677.46,29.0,32.0,20.0,29.0,16.0,33.0,23.0,23.0,26.0,34.0,25.0,25.0,28.0,24.0,10.0,16.0,18.0,32.0,18.0,21.0,23.0,26.0,10.0,13.0,16.0,25,6,2,0,999.5,900.0,2,6.0,10.0
2022-07-03,WirelessUSBAdapters,880,722.1111111111111,4.094444444444445,0.9468599033816424,683.74,35.0,29.0,22.0,20.0,17.0,29.0,33.0,23.0,23.0,32.0,34.0,25.0,25.0,20.0,24.0,10.0,16.0,29.0,32.0,18.0,21.0,16.0,26.0,10.0,13.0,26,7,3,0,952.0,902.0,2,2.0,6.0
2022-07-10,WirelessUSBAdapters,1013,722.1111111111111,4.094444444444445,0.9388285024154588,677.94,31.0,32.0,22.0,26.0,13.0,35.0,29.0,33.0,23.0,29.0,32.0,34.0,25.0,22.0,20.0,24.0,10.0,20.0,29.0,32.0,18.0,17.0,16.0,26.0,10.0,27,7,3,0,946.5,973.0,2,2.0,2.0
2022-07-17,WirelessUSBAdapters,901,722.1111111111111,4.094444444444445,0.9455917874396136,682.82,27.0,28.0,18.0,24.0,15.0,31.0,35.0,29.0,33.0,32.0,29.0,32.0,34.0,22.0,22.0,20.0,24.0,26.0,20.0,29.0,32.0,13.0,17.0,16.0,26.0,28,7,3,0,957.0,954.5,2,-8.0,2.0
2022-07-24,WirelessUSBAdapters,720,722.1111111111111,4.094444444444445,0.9565217391304348,690.71,14.0,15.0,0.0,10.0,1.0,27.0,31.0,35.0,29.0,28.0,32.0,29.0,32.0,18.0,22.0,22.0,20.0,24.0,26.0,20.0,29.0,15.0,13.0,17.0,16.0,29,7,3,0,810.5,878.5,2,-17.0,-8.0
2022-07-31,WirelessUSBAdapters,681,722.1111111111111,4.094444444444445,0.9588768115942028,692.42,16.0,15.0,1.0,9.0,0.0,14.0,27.0,31.0,35.0,15.0,28.0,32.0,29.0,0.0,18.0,22.0,22.0,10.0,24.0,26.0,20.0,1.0,15.0,13.0,17.0,30,7,3,0,700.5,828.75,2,-11.0,-17.0
2022-08-07,WirelessUSBAdapters,840,722.1111111111111,4.094444444444445,0.9492753623188406,685.48,15.0,15.0,2.0,11.0,1.0,16.0,14.0,27.0,31.0,15.0,15.0,28.0,32.0,1.0,0.0,18.0,22.0,9.0,10.0,24.0,26.0,0.0,1.0,15.0,13.0,31,8,3,0,760.5,785.5,2,1.0,-11.0
2022-08-14,WirelessUSBAdapters,693,722.1111111111111,4.094444444444445,0.9581521739130436,691.89,14.0,15.0,3.0,13.0,2.0,15.0,16.0,14.0,27.0,15.0,15.0,15.0,28.0,2.0,1.0,0.0,18.0,11.0,9.0,10.0,24.0,1.0,0.0,1.0,15.0,32,8,3,0,766.5,733.5,2,-2.0,1.0
2022-08-21,WirelessUSBAdapters,609,722.1111111111111,4.094444444444445,0.9632246376811594,695.56,13.0,17.0,4.0,15.0,5.0,14.0,15.0,16.0,14.0,15.0,15.0,15.0,15.0,3.0,2.0,1.0,0.0,13.0,11.0,9.0,10.0,2.0,1.0,0.0,1.0,33,8,3,0,651.0,705.75,2,-2.0,-2.0
2022-08-28,WirelessUSBAdapters,725,722.1111111111111,4.094444444444445,0.956219806763285,690.5,17.0,18.0,4.0,16.0,7.0,13.0,14.0,15.0,16.0,17.0,15.0,15.0,15.0,4.0,3.0,2.0,1.0,15.0,13.0,11.0,9.0,5.0,2.0,1.0,0.0,34,8,3,0,667.0,716.75,2,3.0,-2.0
2022-09-04,WirelessUSBAdapters,580,722.1111111111111,4.094444444444445,0.964975845410628,696.82,20.0,20.0,7.0,19.0,10.0,17.0,13.0,14.0,15.0,18.0,17.0,15.0,15.0,4.0,4.0,3.0,2.0,16.0,15.0,13.0,11.0,7.0,5.0,2.0,1.0,35,9,3,0,652.5,651.75,2,7.0,3.0
2022-09-11,WirelessUSBAdapters,667,722.1111111111111,4.094444444444445,0.9597222222222224,693.03,21.0,23.0,10.0,22.0,12.0,20.0,17.0,13.0,14.0,20.0,18.0,17.0,15.0,7.0,4.0,4.0,3.0,19.0,16.0,15.0,13.0,10.0,7.0,5.0,2.0,36,9,3,0,623.5,645.25,2,4.0,7.0
2022-09-18,WirelessUSBAdapters,521,722.1111111111111,4.094444444444445,0.9685386473429952,699.39,23.0,26.0,12.0,24.0,16.0,21.0,20.0,17.0,13.0,23.0,20.0,18.0,17.0,10.0,7.0,4.0,4.0,22.0,19.0,16.0,15.0,12.0,10.0,7.0,5.0,37,9,3,0,594.0,623.25,2,3.0,4.0
2022-09-25,WirelessUSBAdapters,559,722.1111111111111,4.094444444444445,0.966243961352657,697.74,28.0,27.0,16.0,25.0,20.0,23.0,21.0,20.0,17.0,26.0,23.0,20.0,18.0,12.0,10.0,7.0,4.0,24.0,22.0,19.0,16.0,16.0,12.0,10.0,7.0,38,9,3,0,540.0,581.75,2,7.0,3.0
2022-10-02,WirelessUSBAdapters,657,722.1111111111111,4.094444444444445,0.9603260869565218,693.46,32.0,32.0,20.0,29.0,25.0,28.0,23.0,21.0,20.0,27.0,26.0,23.0,20.0,16.0,12.0,10.0,7.0,25.0,24.0,22.0,19.0,20.0,16.0,12.0,10.0,39,10,4,1,608.0,601.0,2,9.0,7.0
2022-10-09,WirelessUSBAdapters,1040,722.1111111111111,4.094444444444445,0.9371980676328502,676.76,72.0,79.0,67.0,64.0,56.0,32.0,28.0,23.0,21.0,32.0,27.0,26.0,23.0,20.0,16.0,12.0,10.0,29.0,25.0,24.0,22.0,25.0,20.0,16.0,12.0,40,10,4,1,848.5,694.25,2,44.0,9.0
2022-10-16,WirelessUSBAdapters,990,722.1111111111111,4.094444444444445,0.9402173913043478,678.94,67.0,69.0,57.0,76.0,69.0,72.0,32.0,28.0,23.0,79.0,32.0,27.0,26.0,67.0,20.0,16.0,12.0,64.0,29.0,25.0,24.0,56.0,25.0,20.0,16.0,41,10,4,1,1015.0,811.5,2,35.0,44.0
2022-10-23,WirelessUSBAdapters,969,722.1111111111111,4.094444444444445,0.9414855072463768,679.86,88.0,70.0,71.0,88.0,77.0,67.0,72.0,32.0,28.0,69.0,79.0,32.0,27.0,57.0,67.0,20.0,16.0,76.0,64.0,29.0,25.0,69.0,56.0,25.0,20.0,42,10,4,1,979.5,914.0,2,16.0,35.0
2022-10-30,WirelessUSBAdapters,959,722.1111111111111,4.094444444444445,0.9420893719806764,680.29,86.0,71.0,62.0,90.0,74.0,88.0,67.0,72.0,32.0,70.0,69.0,79.0,32.0,71.0,57.0,67.0,20.0,88.0,76.0,64.0,29.0,77.0,69.0,56.0,25.0,43,10,4,1,964.0,989.5,2,19.0,16.0
2022-11-06,WirelessUSBAdapters,852,722.1111111111111,4.094444444444445,0.9485507246376812,684.96,99.0,83.0,71.0,76.0,89.0,86.0,88.0,67.0,72.0,71.0,70.0,69.0,79.0,62.0,71.0,57.0,67.0,90.0,88.0,76.0,64.0,74.0,77.0,69.0,56.0,44,11,4,1,905.5,942.5,2,11.0,19.0
2022-11-13,WirelessUSBAdapters,940,722.1111111111111,4.094444444444445,0.9432367149758454,681.12,94.0,74.0,78.0,85.0,86.0,99.0,86.0,88.0,67.0,83.0,71.0,70.0,69.0,71.0,62.0,71.0,57.0,76.0,90.0,88.0,76.0,89.0,74.0,77.0,69.0,45,11,4,1,896.0,930.0,2,8.0,11.0
2022-11-20,WirelessUSBAdapters,980,722.1111111111111,4.094444444444445,0.9408212560386472,679.38,100.0,79.0,80.0,85.0,80.0,94.0,99.0,86.0,88.0,74.0,83.0,71.0,70.0,78.0,71.0,62.0,71.0,85.0,76.0,90.0,88.0,86.0,89.0,74.0,77.0,46,11,4,1,960.0,932.75,2,1.0,8.0
2022-11-27,WirelessUSBAdapters,1154,722.1111111111111,4.094444444444445,0.9303140096618358,671.79,65.0,52.0,45.0,55.0,53.0,100.0,94.0,99.0,86.0,79.0,74.0,83.0,71.0,80.0,78.0,71.0,62.0,85.0,85.0,76.0,90.0,80.0,86.0,89.0,74.0,47,11,4,1,1067.0,981.5,2,-29.0,1.0
2022-12-04,WirelessUSBAdapters,1098,722.1111111111111,4.094444444444445,0.933695652173913,674.23,67.0,52.0,47.0,57.0,58.0,65.0,100.0,94.0,99.0,52.0,79.0,74.0,83.0,45.0,80.0,78.0,71.0,55.0,85.0,85.0,76.0,53.0,80.0,86.0,89.0,48,12,4,1,1126.0,1043.0,2,-33.0,-29.0
2022-12-11,WirelessUSBAdapters,890,722.1111111111111,4.094444444444445,0.946256038647343,683.3,68.0,55.0,50.0,60.0,60.0,67.0,65.0,100.0,94.0,52.0,52.0,79.0,74.0,47.0,45.0,80.0,78.0,57.0,55.0,85.0,85.0,58.0,53.0,80.0,86.0,49,12,4,1,994.0,1030.5,2,3.0,-33.0
2022-12-18,WirelessUSBAdapters,1136,722.1111111111111,4.094444444444445,0.9314009661835748,672.57,69.0,59.0,59.0,63.0,62.0,68.0,67.0,65.0,100.0,55.0,52.0,52.0,79.0,50.0,47.0,45.0,80.0,60.0,57.0,55.0,85.0,60.0,58.0,53.0,80.0,50,12,4,1,1013.0,1069.5,2,2.0,3.0
2022-12-25,WirelessUSBAdapters,1078,722.1111111111111,4.094444444444445,0.934903381642512,675.1,73.0,61.0,63.0,66.0,64.0,69.0,68.0,67.0,65.0,59.0,55.0,52.0,52.0,59.0,50.0,47.0,45.0,63.0,60.0,57.0,55.0,62.0,60.0,58.0,53.0,51,12,4,1,1107.0,1050.5,2,5.0,2.0
2023-01-01,WirelessUSBAdapters,760,722.1111111111111,4.094444444444445,0.9541062801932368,688.97,73.0,61.0,61.0,66.0,66.0,73.0,69.0,68.0,67.0,61.0,59.0,55.0,52.0,63.0,59.0,50.0,47.0,66.0,63.0,60.0,57.0,64.0,62.0,60.0,58.0,52,1,1,0,919.0,966.0,2,4.0,5.0
2023-01-08,WirelessUSBAdapters,887,722.1111111111111,4.094444444444445,0.9464371980676328,683.43,87.0,74.0,76.0,87.0,87.0,73.0,73.0,69.0,68.0,61.0,61.0,59.0,55.0,61.0,63.0,59.0,50.0,66.0,66.0,63.0,60.0,66.0,64.0,62.0,60.0,1,1,1,0,823.5,965.25,2,14.0,4.0
2023-01-15,WirelessUSBAdapters,944,722.1111111111111,4.094444444444445,0.9429951690821256,680.95,85.0,76.0,76.0,84.0,82.0,87.0,73.0,73.0,69.0,74.0,61.0,61.0,59.0,76.0,61.0,63.0,59.0,87.0,66.0,66.0,63.0,87.0,66.0,64.0,62.0,2,1,1,0,915.5,917.25,2,12.0,14.0
2023-01-22,WirelessUSBAdapters,957,722.1111111111111,4.094444444444445,0.9422101449275362,680.38,94.0,72.0,75.0,81.0,82.0,85.0,87.0,73.0,73.0,76.0,74.0,61.0,61.0,76.0,76.0,61.0,63.0,84.0,87.0,66.0,66.0,82.0,87.0,66.0,64.0,3,1,1,0,950.5,887.0,2,7.0,12.0
2023-01-29,WirelessUSBAdapters,1044,722.1111111111111,4.094444444444445,0.9369565217391304,676.59,95.0,73.0,68.0,82.0,84.0,94.0,85.0,87.0,73.0,72.0,76.0,74.0,61.0,75.0,76.0,76.0,61.0,81.0,84.0,87.0,66.0,82.0,82.0,87.0,66.0,4,1,1,0,1000.5,958.0,2,10.0,7.0
2023-02-05,WirelessUSBAdapters,884,722.1111111111111,4.094444444444445,0.9466183574879228,683.56,77.0,62.0,61.0,65.0,70.0,95.0,94.0,85.0,87.0,73.0,72.0,76.0,74.0,68.0,75.0,76.0,76.0,82.0,81.0,84.0,87.0,84.0,82.0,82.0,87.0,5,2,1,0,964.0,957.25,2,-17.0,10.0
2023-02-12,WirelessUSBAdapters,959,722.1111111111111,4.094444444444445,0.9420893719806764,680.29,74.0,60.0,62.0,63.0,71.0,77.0,95.0,94.0,85.0,62.0,73.0,72.0,76.0,61.0,68.0,75.0,76.0,65.0,82.0,81.0,84.0,70.0,84.0,82.0,82.0,6,2,1,0,921.5,961.0,2,-21.0,-17.0
2023-02-19,WirelessUSBAdapters,1035,722.1111111111111,4.094444444444445,0.9375,676.98,71.0,58.0,61.0,60.0,69.0,74.0,77.0,95.0,94.0,60.0,62.0,73.0,72.0,62.0,61.0,68.0,75.0,63.0,65.0,82.0,81.0,71.0,70.0,84.0,82.0,7,2,1,0,997.0,980.5,2,-6.0,-21.0
2023-02-26,WirelessUSBAdapters,911,722.1111111111111,4.094444444444445,0.944987922705314,682.39,69.0,59.0,59.0,60.0,68.0,71.0,74.0,77.0,95.0,58.0,60.0,62.0,73.0,61.0,62.0,61.0,68.0,60.0,63.0,65.0,82.0,69.0,71.0,70.0,84.0,8,2,1,0,973.0,947.25,2,-5.0,-6.0
2023-03-05,WirelessUSBAdapters,950,722.1111111111111,4.094444444444445,0.942632850241546,680.69,67.0,56.0,60.0,58.0,65.0,69.0,71.0,74.0,77.0,59.0,58.0,60.0,62.0,59.0,61.0,62.0,61.0,60.0,60.0,63.0,65.0,68.0,69.0,71.0,70.0,9,3,1,0,930.5,963.75,2,-4.0,-5.0
2023-03-12,WirelessUSBAdapters,868,722.1111111111111,4.094444444444445,0.947584541062802,684.26,61.0,53.0,58.0,55.0,61.0,67.0,69.0,71.0,74.0,56.0,59.0,58.0,60.0,60.0,59.0,61.0,62.0,58.0,60.0,60.0,63.0,65.0,68.0,69.0,71.0,10,3,1,0,909.0,941.0,2,-8.0,-4.0
2023-03-19,WirelessUSBAdapters,866,722.1111111111111,4.094444444444445,0.9477053140096618,684.35,57.0,51.0,56.0,50.0,58.0,61.0,67.0,69.0,71.0,53.0,56.0,59.0,58.0,58.0,60.0,59.0,61.0,55.0,58.0,60.0,60.0,61.0,65.0,68.0,69.0,11,3,1,0,867.0,898.75,2,-10.0,-8.0
2023-03-26,WirelessUSBAdapters,1068,722.1111111111111,4.094444444444445,0.9355072463768116,675.54,53.0,46.0,54.0,45.0,55.0,57.0,61.0,67.0,69.0,51.0,53.0,56.0,59.0,56.0,58.0,60.0,59.0,50.0,55.0,58.0,60.0,58.0,61.0,65.0,68.0,12,3,1,0,967.0,938.0,2,-8.0,-10.0
2023-04-02,WirelessUSBAdapters,1124,722.1111111111111,4.094444444444445,0.9321256038647344,673.1,48.0,44.0,49.0,41.0,52.0,53.0,57.0,61.0,67.0,46.0,51.0,53.0,56.0,54.0,56.0,58.0,60.0,45.0,50.0,55.0,58.0,55.0,58.0,61.0,65.0,13,4,2,0,1096.0,981.5,2,-9.0,-8.0
2023-04-09,WirelessUSBAdapters,983,722.1111111111111,4.094444444444445,0.9406400966183576,679.25,44.0,40.0,41.0,38.0,49.0,48.0,53.0,57.0,61.0,44.0,46.0,51.0,53.0,49.0,54.0,56.0,58.0,41.0,45.0,50.0,55.0,52.0,55.0,58.0,61.0,14,4,2,0,1053.5,1010.25,2,-9.0,-9.0
2023-04-16,WirelessUSBAdapters,1086,722.1111111111111,4.094444444444445,0.9344202898550724,674.76,38.0,35.0,38.0,36.0,47.0,44.0,48.0,53.0,57.0,40.0,44.0,46.0,51.0,41.0,49.0,54.0,56.0,38.0,41.0,45.0,50.0,49.0,52.0,55.0,58.0,15,4,2,0,1034.5,1065.25,2,-10.0,-9.0
2023-04-23,WirelessUSBAdapters,1017,722.1111111111111,4.094444444444445,0.9385869565217392,677.76,37.0,32.0,34.0,31.0,43.0,38.0,44.0,48.0,53.0,35.0,40.0,44.0,46.0,38.0,41.0,49.0,54.0,36.0,38.0,41.0,45.0,47.0,49.0,52.0,55.0,16,4,2,0,1051.5,1052.5,2,-7.0,-10.0
2023-04-30,WirelessUSBAdapters,912,722.1111111111111,4.094444444444445,0.944927536231884,682.34,31.0,30.0,29.0,27.0,41.0,37.0,38.0,44.0,48.0,32.0,35.0,40.0,44.0,34.0,38.0,41.0,49.0,31.0,36.0,38.0,41.0,43.0,47.0,49.0,52.0,17,4,2,0,964.5,999.5,2,-7.0,-7.0
2023-05-07,WirelessUSBAdapters,1000,722.1111111111111,4.094444444444445,0.9396135265700484,678.51,32.0,26.0,24.0,22.0,36.0,31.0,37.0,38.0,44.0,30.0,32.0,35.0,40.0,29.0,34.0,38.0,41.0,27.0,31.0,36.0,38.0,41.0,43.0,47.0,49.0,18,5,2,0,956.0,1003.75,2,-5.0,-7.0
2023-05-14,WirelessUSBAdapters,1100,722.1111111111111,4.094444444444445,0.9335748792270532,674.14,29.0,21.0,23.0,21.0,32.0,32.0,31.0,37.0,38.0,26.0,30.0,32.0,35.0,24.0,29.0,34.0,38.0,22.0,27.0,31.0,36.0,36.0,41.0,43.0,47.0,19,5,2,0,1050.0,1007.25,2,-2.0,-5.0
2023-05-21,WirelessUSBAdapters,937,722.1111111111111,4.094444444444445,0.9434178743961352,681.25,27.0,18.0,22.0,17.0,29.0,29.0,32.0,31.0,37.0,21.0,26.0,30.0,32.0,23.0,24.0,29.0,34.0,21.0,22.0,27.0,31.0,32.0,36.0,41.0,43.0,20,5,2,0,1018.5,987.25,2,-5.0,-2.0
2023-05-28,WirelessUSBAdapters,1070,722.1111111111111,4.094444444444445,0.9353864734299516,675.45,22.0,14.0,20.0,14.0,25.0,27.0,29.0,32.0,31.0,18.0,21.0,26.0,30.0,22.0,23.0,24.0,29.0,17.0,21.0,22.0,27.0,29.0,32.0,36.0,41.0,21,5,2,0,1003.5,1026.75,2,-7.0,-5.0
2023-06-04,WirelessUSBAdapters,671,722.1111111111111,4.094444444444445,0.9594806763285024,692.85,16.0,12.0,20.0,9.0,21.0,22.0,27.0,29.0,32.0,14.0,18.0,21.0,26.0,20.0,22.0,23.0,24.0,14.0,17.0,21.0,22.0,25.0,29.0,32.0,36.0,22,6,2,0,870.5,944.5,2,-11.0,-7.0
2023-06-11,WirelessUSBAdapters,965,722.1111111111111,4.094444444444445,0.9417270531400966,680.03,13.0,9.0,15.0,6.0,19.0,16.0,22.0,27.0,29.0,12.0,14.0,18.0,21.0,20.0,20.0,22.0,23.0,9.0,14.0,17.0,21.0,21.0,25.0,29.0,32.0,23,6,2,0,818.0,910.75,2,-9.0,-11.0
2023-06-18,WirelessUSBAdapters,1091,722.1111111111111,4.094444444444445,0.9341183574879228,674.54,20.0,23.0,20.0,15.0,24.0,13.0,16.0,22.0,27.0,9.0,12.0,14.0,18.0,15.0,20.0,20.0,22.0,6.0,9.0,14.0,17.0,19.0,21.0,25.0,29.0,24,6,2,0,1028.0,949.25,2,4.0,-9.0
2023-06-25,WirelessUSBAdapters,1031,722.1111111111111,4.094444444444445,0.9377415458937198,677.15,18.0,16.0,23.0,17.0,28.0,20.0,13.0,16.0,22.0,23.0,9.0,12.0,14.0,20.0,15.0,20.0,20.0,15.0,6.0,9.0,14.0,24.0,19.0,21.0,25.0,25,6,2,0,1061.0,939.5,2,5.0,4.0
2023-07-02,WirelessUSBAdapters,1053,722.1111111111111,4.094444444444445,0.9364130434782608,676.19,24.0,16.0,26.0,19.0,32.0,18.0,20.0,13.0,16.0,16.0,23.0,9.0,12.0,23.0,20.0,15.0,20.0,17.0,15.0,6.0,9.0,28.0,24.0,19.0,21.0,26,7,3,0,1042.0,1035.0,2,4.0,5.0
2023-07-09,WirelessUSBAdapters,820,722.1111111111111,4.094444444444445,0.9504830917874396,686.35,16.0,13.0,24.0,13.0,26.0,24.0,18.0,20.0,13.0,16.0,16.0,23.0,9.0,26.0,23.0,20.0,15.0,19.0,17.0,15.0,6.0,32.0,28.0,24.0,19.0,27,7,3,0,936.5,998.75,2,-2.0,4.0
2023-07-16,WirelessUSBAdapters,983,722.1111111111111,4.094444444444445,0.9406400966183576,679.25,15.0,13.0,24.0,17.0,30.0,16.0,24.0,18.0,20.0,13.0,16.0,16.0,23.0,24.0,26.0,23.0,20.0,13.0,19.0,17.0,15.0,26.0,32.0,28.0,24.0,28,7,3,0,901.5,971.75,2,-9.0,-2.0
2023-07-23,WirelessUSBAdapters,805,722.1111111111111,4.094444444444445,0.9513888888888888,687.01,4.0,1.0,10.0,0.0,11.0,15.0,16.0,24.0,18.0,13.0,13.0,16.0,16.0,24.0,24.0,26.0,23.0,17.0,13.0,19.0,17.0,30.0,26.0,32.0,28.0,29,7,3,0,894.0,915.25,2,-12.0,-9.0
2023-07-30,WirelessUSBAdapters,872,722.1111111111111,4.094444444444445,0.9473429951690822,684.09,4.0,1.0,10.0,1.0,11.0,4.0,15.0,16.0,24.0,1.0,13.0,13.0,16.0,10.0,24.0,24.0,26.0,0.0,17.0,13.0,19.0,11.0,30.0,26.0,32.0,30,7,3,0,838.5,870.0,2,-11.0,-12.0
2023-08-06,WirelessUSBAdapters,704,722.1111111111111,4.094444444444445,0.957487922705314,691.41,3.0,1.0,11.0,0.0,14.0,4.0,4.0,15.0,16.0,1.0,1.0,13.0,13.0,10.0,10.0,24.0,24.0,1.0,0.0,17.0,13.0,11.0,11.0,30.0,26.0,31,8,3,0,788.0,841.0,2,-1.0,-11.0
2023-08-13,WirelessUSBAdapters,669,722.1111111111111,4.094444444444445,0.9596014492753624,692.94,0.0,0.0,10.0,1.0,14.0,3.0,4.0,4.0,15.0,1.0,1.0,1.0,13.0,11.0,10.0,10.0,24.0,0.0,1.0,0.0,17.0,14.0,11.0,11.0,30.0,32,8,3,0,686.5,762.5,2,-4.0,-1.0
2023-08-20,WirelessUSBAdapters,678,722.1111111111111,4.094444444444445,0.9590579710144927,692.55,0.0,2.0,10.0,4.0,16.0,0.0,3.0,4.0,4.0,0.0,1.0,1.0,1.0,10.0,11.0,10.0,10.0,1.0,0.0,1.0,0.0,14.0,14.0,11.0,11.0,33,8,3,0,673.5,730.75,2,-3.0,-4.0
2023-08-27,WirelessUSBAdapters,766,722.1111111111111,4.094444444444445,0.953743961352657,688.71,5.0,4.0,14.0,6.0,16.0,0.0,0.0,3.0,4.0,2.0,0.0,1.0,1.0,10.0,10.0,11.0,10.0,4.0,1.0,0.0,1.0,16.0,14.0,14.0,11.0,34,8,3,0,722.0,704.25,2,5.0,-3.0
2023-09-03,WirelessUSBAdapters,715,722.1111111111111,4.094444444444445,0.9568236714975844,690.93,9.0,7.0,14.0,9.0,17.0,5.0,0.0,0.0,3.0,4.0,2.0,0.0,1.0,14.0,10.0,10.0,11.0,6.0,4.0,1.0,0.0,16.0,16.0,14.0,14.0,35,9,3,0,740.5,707.0,2,9.0,5.0
2023-09-10,WirelessUSBAdapters,648,722.1111111111111,4.094444444444445,0.9608695652173912,693.85,13.0,9.0,18.0,13.0,20.0,9.0,5.0,0.0,0.0,7.0,4.0,2.0,0.0,14.0,14.0,10.0,10.0,9.0,6.0,4.0,1.0,17.0,16.0,16.0,14.0,36,9,3,0,681.5,701.75,2,8.0,9.0
2023-09-17,WirelessUSBAdapters,714,722.1111111111111,4.094444444444445,0.9568840579710144,690.98,19.0,12.0,18.0,16.0,24.0,13.0,9.0,5.0,0.0,9.0,7.0,4.0,2.0,18.0,14.0,14.0,10.0,13.0,9.0,6.0,4.0,20.0,17.0,16.0,16.0,37,9,3,0,681.0,710.75,2,10.0,8.0
2023-09-24,WirelessUSBAdapters,683,722.1111111111111,4.094444444444445,0.958756038647343,692.33,18.0,14.0,20.0,18.0,28.0,19.0,13.0,9.0,5.0,12.0,9.0,7.0,4.0,18.0,18.0,14.0,14.0,16.0,13.0,9.0,6.0,24.0,20.0,17.0,16.0,38,9,3,0,698.5,690.0,2,5.0,10.0
2023-10-01,WirelessUSBAdapters,741,722.1111111111111,4.094444444444445,0.9552536231884058,689.8,22.0,18.0,25.0,20.0,31.0,18.0,19.0,13.0,9.0,14.0,12.0,9.0,7.0,20.0,18.0,18.0,14.0,18.0,16.0,13.0,9.0,28.0,24.0,20.0,17.0,39,10,4,1,712.0,696.5,2,3.0,5.0
2023-10-08,WirelessUSBAdapters,944,722.1111111111111,4.094444444444445,0.9429951690821256,680.95,67.0,59.0,67.0,47.0,78.0,22.0,18.0,19.0,13.0,18.0,14.0,12.0,9.0,25.0,20.0,18.0,18.0,20.0,18.0,16.0,13.0,31.0,28.0,24.0,20.0,40,10,4,1,842.5,770.5,2,49.0,3.0
2023-10-15,WirelessUSBAdapters,987,722.1111111111111,4.094444444444445,0.9403985507246376,679.07,71.0,52.0,53.0,71.0,72.0,67.0,22.0,18.0,19.0,59.0,18.0,14.0,12.0,67.0,25.0,20.0,18.0,47.0,20.0,18.0,16.0,78.0,31.0,28.0,24.0,41,10,4,1,965.5,838.75,2,49.0,49.0
2023-10-22,WirelessUSBAdapters,987,722.1111111111111,4.094444444444445,0.9403985507246376,679.07,68.0,72.0,58.0,67.0,85.0,71.0,67.0,22.0,18.0,52.0,59.0,18.0,14.0,53.0,67.0,25.0,20.0,71.0,47.0,20.0,18.0,72.0,78.0,31.0,28.0,42,10,4,1,987.0,914.75,2,1.0,49.0
2023-10-29,WirelessUSBAdapters,885,722.1111111111111,4.094444444444445,0.9465579710144928,683.52,70.0,62.0,66.0,71.0,94.0,68.0,71.0,67.0,22.0,72.0,52.0,59.0,18.0,58.0,53.0,67.0,25.0,67.0,71.0,47.0,20.0,85.0,72.0,78.0,31.0,43,10,4,1,936.0,950.75,2,-1.0,1.0
2023-11-05,WirelessUSBAdapters,1079,722.1111111111111,4.094444444444445,0.934842995169082,675.06,74.0,77.0,87.0,69.0,94.0,70.0,68.0,71.0,67.0,62.0,72.0,52.0,59.0,66.0,58.0,53.0,67.0,71.0,67.0,71.0,47.0,94.0,85.0,72.0,78.0,44,11,4,1,982.0,984.5,2,6.0,-1.0
2023-11-12,WirelessUSBAdapters,1089,722.1111111111111,4.094444444444445,0.9342391304347826,674.62,76.0,82.0,69.0,82.0,98.0,74.0,70.0,68.0,71.0,77.0,62.0,72.0,52.0,87.0,66.0,58.0,53.0,69.0,71.0,67.0,71.0,94.0,94.0,85.0,72.0,45,11,4,1,1084.0,1010.0,2,6.0,6.0
2023-11-19,WirelessUSBAdapters,1077,722.1111111111111,4.094444444444445,0.934963768115942,675.15,91.0,81.0,90.0,73.0,87.0,76.0,74.0,70.0,68.0,82.0,77.0,62.0,72.0,69.0,87.0,66.0,58.0,82.0,69.0,71.0,67.0,98.0,94.0,94.0,85.0,46,11,4,1,1083.0,1032.5,2,17.0,6.0
2023-11-26,WirelessUSBAdapters,1068,722.1111111111111,4.094444444444445,0.9355072463768116,675.54,57.0,50.0,48.0,50.0,64.0,91.0,76.0,74.0,70.0,81.0,82.0,77.0,62.0,90.0,69.0,87.0,66.0,73.0,82.0,69.0,71.0,87.0,98.0,94.0,94.0,47,11,4,1,1072.5,1078.25,2,-19.0,17.0
2023-12-03,WirelessUSBAdapters,955,722.1111111111111,4.094444444444445,0.9423309178743962,680.47,59.0,52.0,51.0,53.0,67.0,57.0,91.0,76.0,74.0,50.0,81.0,82.0,77.0,48.0,90.0,69.0,87.0,50.0,73.0,82.0,69.0,64.0,87.0,98.0,94.0,48,12,4,1,1011.5,1047.25,2,-32.0,-19.0
2023-12-10,WirelessUSBAdapters,1085,722.1111111111111,4.094444444444445,0.9344806763285024,674.8,61.0,54.0,57.0,56.0,70.0,59.0,57.0,91.0,76.0,52.0,50.0,81.0,82.0,51.0,48.0,90.0,69.0,53.0,50.0,73.0,82.0,67.0,64.0,87.0,98.0,49,12,4,1,1020.0,1046.25,2,4.0,-32.0
2023-12-17,WirelessUSBAdapters,1113,722.1111111111111,4.094444444444445,0.9327898550724638,673.58,64.0,58.0,62.0,58.0,74.0,61.0,59.0,57.0,91.0,54.0,52.0,50.0,81.0,57.0,51.0,48.0,90.0,56.0,53.0,50.0,73.0,70.0,67.0,64.0,87.0,50,12,4,1,1099.0,1055.25,2,5.0,4.0
2023-12-24,WirelessUSBAdapters,1080,722.1111111111111,4.094444444444445,0.9347826086956522,675.02,68.0,59.0,65.0,59.0,75.0,64.0,61.0,59.0,57.0,58.0,54.0,52.0,50.0,62.0,57.0,51.0,48.0,58.0,56.0,53.0,50.0,74.0,70.0,67.0,64.0,51,12,4,1,1096.5,1058.25,2,7.0,5.0
2023-12-31,WirelessUSBAdapters,840,722.1111111111111,4.094444444444445,0.9492753623188406,685.48,68.0,59.0,68.0,60.0,77.0,68.0,64.0,61.0,59.0,59.0,58.0,54.0,52.0,65.0,62.0,57.0,51.0,59.0,58.0,56.0,53.0,75.0,74.0,70.0,67.0,52,12,4,1,960.0,1029.5,2,4.0,7.0
