Date,earbuds india
2023-02-26,75
2023-03-05,74
2023-03-12,74
2023-03-19,68
2023-03-26,65
2023-04-02,62
2023-04-09,58
2023-04-16,51
2023-04-23,47
2023-04-30,42
2023-05-07,36
2023-05-14,34
2023-05-21,29
2023-05-28,24
2023-06-04,20
2023-06-11,15
2023-06-18,30
2023-06-25,34
2023-07-02,34
2023-07-09,31
2023-07-16,28
2023-07-23,13
2023-07-30,15
2023-08-06,16
2023-08-13,15
2023-08-20,18
2023-08-27,20
2023-09-03,22
2023-09-10,24
2023-09-17,30
2023-09-24,32
2023-10-01,37
2023-10-08,86
2023-10-15,77
2023-10-22,75
2023-10-29,82
2023-11-05,84
2023-11-12,85
2023-11-19,97
2023-11-26,69
2023-12-03,72
2023-12-10,77
2023-12-17,79
2023-12-24,79
2023-12-31,78
2024-01-07,96
2024-01-14,99
2024-01-21,89
2024-01-28,100
2024-02-04,81
2024-02-11,81
2024-02-18,80
2024-02-25,78
2024-03-03,74
2024-03-10,70
2024-03-17,65
2024-03-24,59
2024-03-31,55
2024-04-07,49
2024-04-14,45
2024-04-21,42
2024-04-28,37
2024-05-05,34
2024-05-12,30
2024-05-19,26
2024-05-26,23
2024-06-02,20
2024-06-09,17
2024-06-16,32
2024-06-23,26
2024-06-30,21
2024-07-07,27
2024-07-14,27
2024-07-21,9
2024-07-28,7
2024-08-04,7
2024-08-11,7
2024-08-18,10
2024-08-25,14
2024-09-01,15
2024-09-08,15
2024-09-15,19
2024-09-22,23
2024-09-29,51
2024-10-06,69
2024-10-13,83
2024-10-20,84
2024-10-27,80
2024-11-03,84
2024-11-10,84
2024-11-17,82
2024-11-24,56
2024-12-01,62
2024-12-08,67
2024-12-15,70
2024-12-22,70
2024-12-29,71
2025-01-05,89
2025-01-12,85
2025-01-19,92
2025-01-26,94
2025-02-02,69
2025-02-09,69
2025-02-16,65
2025-02-23,64
2025-03-02,60
2025-03-09,56
2025-03-16,52
2025-03-23,49
2025-03-30,46
2025-04-06,44
2025-04-13,41
2025-04-20,35
2025-04-27,30
2025-05-04,24
2025-05-11,21
2025-05-18,19
2025-05-25,17
2025-06-01,15
2025-06-08,14
2025-06-15,23
2025-06-22,27
2025-06-29,21
2025-07-06,17
2025-07-13,19
2025-07-20,1
2025-07-27,2
2025-08-03,0
2025-08-10,0
2025-08-17,2
2025-08-24,5
2025-08-31,7
2025-09-07,11
2025-09-14,14
2025-09-21,19
2025-09-28,56
2025-10-05,66
2025-10-12,75
2025-10-19,64
2025-10-26,89
2025-11-02,94
2025-11-09,93
2025-11-16,93
2025-11-23,56
2025-11-30,58
2025-12-07,62
2025-12-14,64
2025-12-21,67
2025-12-28,70
2026-01-04,81
2026-01-11,87
2026-01-18,82
2026-01-25,89
2026-02-01,71
2026-02-08,70
2026-02-15,69
2026-02-22,68
